SMILES,hh_strange,qed,sa
Cc1ccc2c(c1)sc1c(=O)[nH]c3ccc(C(=O)NCCCN(C)C)cc3c12,0.0,0.5057888,2.4173915
O=C(NCCN1CCOCC1)c1cc(C(F)(F)F)cc(C(F)(F)F)c1,0.0,0.8292068,2.2066417
COc1cccc(NC(=O)c2oc3ccccc3c2NC(=O)c2ccc3c(c2)OCO3)c1,0.0,0.47724062,2.173069
COC(=O)c1nnn(CC(=O)C(CC2CCNC2=O)NC(=O)C(C)NC(=O)C(C)NC(=O)C(CC(C)C)NC(C)=O)c1C(=O)OC,0.01,0.12188734,4.3761086
Cc1ccccc1N1C(=O)NC(=O)C(=Cc2cc(Br)c(N3CCOCC3)o2)C1=O,0.0,0.55978346,2.7164876
COc1nc(=Nc2ccc(Cl)cc2)sn1C,0.01,0.82659084,3.1178622
CC(C)(C)OC(=O)NC(Cc1ccc2cc(O)ccc2c1)C(=O)O,0.0,0.79999465,2.4682634
CCC(=O)OC1(C(=O)CO)CCC2C3CCC4=CC(=O)CCC4(C)C3CCC21C,0.01,0.72414696,4.2663774
CC(C)CC(C=O)NC(=O)C(COCc1ccccc1)NS(C)(=O)=O,0.0,0.5624786,3.1250417
O=C(NCC1CN(c2ccc(N3Cc4cccnc4C3)c(F)c2)C(=O)O1)C1CCC1,0.02,0.8203859,3.0626042
COc1cc(O)ccc1C=CC(=O)OCCCc1ccccc1O,0.0,0.46324503,2.2009537
O=C1C=CC(=Nn2cccc2)C=C1,0.0,0.5892042,3.2941024
NC(CCC(=O)Nc1ccccc1-n1cccc1)C(=O)O,0.0,0.7514659,2.5247147
CC(=O)NNC(=O)CC(O)(c1ccccc1)c1ccccc1,0.0,0.74815744,2.1783843
CCn1cc(C(=O)O)c(=O)c2cc(F)c(-n3cnc(C=O)c3)c(F)c21,0.01,0.7286312,2.9819796
CCOC(=O)c1ccc(NC(=O)c2ccc(-c3cccc(Cl)c3C)o2)cc1,0.0,0.6037878,1.983799
CCOC(=O)n1c(=O)n(Cc2nc3ccccc3n2CCC(C)C)c2ccccc21,0.02,0.47986844,2.4382763
O=C(NC1CC1)c1ccc(-c2nc3ccccc3o2)s1,0.0,0.80112785,2.125282
O=c1c2cn[nH]c2c2cnc(-c3ccccc3CNC3CC3)cc2n1CC(F)(F)F,0.02,0.5225769,2.8840737
CCc1cc(-c2ccc(C)o2)n(-c2ccc3c(c2)nc(-c2cc(C(=O)N(C)C)ccc2O)n3Cc2ccc(OC)c(O)c2)n1,0.04,0.21666884,3.0143158
CC1(CSc2ccccc2)CC(=O)N1,0.0,0.6069157,2.9698534
CCOC(=O)c1c(N)nn(C(C)=O)c1-c1ccccc1,0.0,0.8637185,2.3383987
O=C(O)COc1ccc(NC(=O)C(=O)Nc2ccccc2Cl)cc1F,0.0,0.705155,1.9112887
COc1ccccc1NC(=O)Nc1ccc(-c2ccc(-c3nc4cccc(C)c4[nH]3)s2)cc1,0.01,0.2696447,2.3486772
CC(=O)c1ccc(S(=O)(=O)Nc2cccc(-c3ccc(N4CCOCC4)nn3)c2)cc1,0.0,0.59048927,2.214198
COc1cccc(CNC(=O)c2ccc(C3SCCS3)cc2)c1,0.0,0.88517475,2.0998154
Cc1ccc(OCC(C)NS(C)(=O)=O)cc1C,0.0,0.87177366,2.4866343
NC(S)=NN=Cc1ccccn1,0.0,0.30376497,3.0204668
Oc1cc(Nc2ccc3c(c2)CCC3)nc(O)n1,0.03,0.7526226,2.6341767
O=C1CC(c2ccccc2)Sc2nc(-c3ccccc3)c(-c3ccccc3)n21,0.0,0.42966908,2.746212
O=C(O)c1ccc2c(c1)C(=O)N(CCc1ccc(O)cc1)C2=O,0.0,0.84128964,1.921215
CCC1COc2c(-c3cc(C)nc(C)c3)c(F)cc3c(=O)c(C(=O)O)cn1c23,0.0,0.74386907,3.3467379
O=C(NCC(c1cccnc1)N1CCOCC1)c1cccc(Cl)c1,0.0,0.90444255,2.4943588
Cc1ccc(S(=O)(=O)N(C)C)cc1NC(=O)CSc1nc2ccccc2[nH]1,0.0,0.6161766,2.1350706
C=C(C)C1CCC2(C(=O)OC)CCC3(C)C(CCC4C5(C)CCC(OC(=O)NCC)C(C)(C)C5CCC43C)C12,0.0,0.28985345,4.832024
CC1CCC2C(CC(C(=O)O)C(=O)O)=C(C(F)(F)F)OC3OC4(C)CCC1C32OO4,0.0,0.510521,5.9203424
O=C(O)C1Cc2c(ncn2CCC23CC4CC(CC(C4)C2)C3)CN1C(=O)C(c1ccccc1)c1ccccc1,0.02,0.43368524,4.499031
C#CCOc1c(Cl)cc(NC=NOC)cc1Cl,0.03,0.38790306,3.0587194
Cc1nc(C)c(CN2CCN(S(C)(=O)=O)CC2)nc1C,0.0,0.8117935,2.3454773
CC(NC(=O)C(O)C(O)C(=O)N1CC(O)CC1c1cccc(Cl)c1)c1ccc(-n2cccn2)cc1,0.0,0.39281282,3.8344774
O=C(CSc1nnc(O)n1Cc1ccco1)c1ccc2c(c1)OCCO2,0.0,0.5192443,2.5919926
COc1ccc2c(CN3CCCN(Cc4ccncc4)CC3)n[nH]c2c1,0.05,0.7658367,2.342711
CN1C(=O)C(O)(CC(=O)c2cccc(-n3cccc3)c2)c2ccccc21,0.0,0.7390337,2.8098333
O=C(O)CNc1cc2c(Nc3cccc(Br)c3)ncnc2cn1,0.0,0.6312422,2.39693
C[N+]1(C)C2CCC1CC(OC(=O)C(CO)c1ccccc1)C2,0.01,0.68412834,4.3810782
C1=NCC(C2CC23Cc2ccccc2C3)N1,0.03,0.753812,4.5767965
Nc1sc(-c2c(F)cccc2F)nc1C(=O)Nc1cnn(CC(F)F)c1N1CCC(N)CC(F)(F)C1,0.0,0.41371906,3.899835
Cc1noc(C)c1C(=O)OCC(=O)Nc1ccccc1C(=O)NC(C)c1ccccc1,0.0,0.5643889,2.5085335
O=C(O)C(=O)c1ccc(-c2ccccc2)s1,0.0,0.6534863,1.9796131
COc1ccc(S(=O)(=O)Nc2ccc(N3CCOCC3)nc2)cc1,0.0,0.88534606,1.9623017
O=c1nc(-c2ccco2)sc(=O)[nH]1,0.0,0.71804535,2.8219426
CC(C)(C)Cn1c(Cc2ccc(NS(C)(=O)=O)cc2)cc2cnc(C#N)nc21,0.02,0.7116936,2.769033
CN(C)C(=O)N1CCCNCC1,0.0,0.55502343,2.2551682
CN1C2CCC1C(C=CCl)C(c1ccc(Cl)cc1)C2,0.08,0.76699615,4.517447
Cn1nc(C(=O)NCc2ccccc2Cl)c2c1-c1ccccc1S(=O)(=O)C2,0.0,0.7311482,2.5112336
CC(C)CC(NC(=O)CCl)c1ccccc1,0.0,0.78633356,2.328352
O=C(Nc1ccc2c(c1)OCO2)Nc1ccccc1F,0.0,0.88368624,1.7540715
O=S(=O)(c1ccc2c(c1)OC1CNCCC21)c1ccccc1-c1ccccc1,0.1,0.73258024,3.1295846
O=C(Cc1ccncc1)NC1CCC2(O)C3Cc4ccc(O)c5c4C2(CCN3CC2CC2)C1O5,0.02,0.6312753,5.2381306
COc1ccc(Oc2nc3cc(N)cc(N)c3nc2-c2ccccc2)cc1OC,0.0,0.49181065,2.367922
CCOC1CSc2nc(=O)c(CC)c(Cc3ccccc3)n21,0.0,0.7954114,3.3579934
COC(=O)C(CCSC)NC(=O)c1sc(SC(C)C)c(C#N)c1-c1ccc(Cl)cc1,0.01,0.37704262,3.210813
CC(C)CC(NC(=O)OC(C)(C)C)C(=O)N1CCC(C(=O)c2ccccc2)CC1,0.02,0.7286199,2.5641515
O=C(CSc1nncnc1-c1cccc2ccccc12)Nc1ccccc1[N+](=O)[O-],0.0,0.28227124,2.4395642
COc1cc(CO)cc(OC)c1OC1OC(CO)C(O)C(O)C1O,0.0,0.4110046,3.5219297
Clc1ccccc1CN1CCC(Nc2ccc3[nH]ncc3c2)CC1,0.08,0.7441491,2.1569254
CC12CCC(O)CC1=CCC1C2CCC2(C)C(n3cccn3)=CCC12,0.03,0.7564924,4.3451157
O=c1cc(-c2ccccc2)sc(N2CCOCC2)c1,0.0,0.8421164,2.2756693
Cc1nn(C)cc1C=NCCOCc1ccccc1,0.0,0.5884504,2.4461458
CC(=O)Nc1ccc(NC(=O)CSc2nnc(N)n2-c2ccccc2)cc1,0.0,0.56448877,2.037278
O=C(Cn1nc(C(=O)O)c2ccccc2c1=O)Nc1ccc2c(c1)C(=O)c1ccccc1C2=O,0.0,0.42675763,2.2712512
CC1(C)c2[nH]c3cc(Cl)ccc3c2CC23NC(=O)C4(CCCN4C2=O)CC31,0.06,0.734233,5.499618
Cc1cc(Nc2nc(N3CCN(C(=O)c4ccccc4Cl)CC3)nn3cccc23)n[nH]1,0.03,0.5101246,2.6047006
CN(C)c1ccc(C(=O)Oc2cc(ON=[N+]([O-])N(C)C)c([N+](=O)[O-])cc2[N+](=O)[O-])cc1,0.0,0.15029445,3.0294497
CC(=O)OCCN(C)c1cc(SC(C)C)c2nonc2c1[N+](=O)[O-],0.0,0.32032773,3.1150334
CN1Cc2ccccc2CC2(CCN(CCO)CC2)C1=O,0.11,0.891264,2.8762844
Fc1ccccc1N=C(S)Nn1cnnc1,0.0,0.47342762,3.2294714
S=C(NCCc1ccncc1)Nc1ccccc1,0.0,0.825626,1.7339991
O=C(Nc1ccccn1)c1cn(-c2ccccc2)nc1C(F)(F)F,0.0,0.79796845,2.153437
C[N+]1(C)CC2CC1CN2c1ccc(Cl)nc1,0.03,0.5477802,4.6524534
Cn1c(SCc2ccccc2)nnc1-c1ccc2c(c1)OCO2,0.0,0.6871792,2.0330267
Cc1ccccc1NC1=C(Cl)C(=O)C(Nc2ccccc2C)=C(Cl)C1=O,0.0,0.73459494,2.4066794
COC(=O)C1CCN(S(=O)(=O)CCNC(=O)c2cccc(OC)c2)CC1,0.0,0.6924212,2.091062
OCC1CC(O)CCN1CCc1ccc(Nc2nc(-c3ccccc3Cl)cs2)cc1,0.01,0.49880457,3.1127076
COc1cc2c(CCNC(=O)C34CC5CC(CC(C5)C3)C4)c[nH]c2cc1Cl,0.0,0.78167605,3.625243
CCCc1cc(=O)oc2cc(N3CCN(C(=O)Nc4ccc(OC(F)(F)F)cc4)CC3)c3c(c12)OC(C)(C)C=C3,0.01,0.37730622,3.05327
Cc1cc(-c2ccnn2C)c2cccc(OCc3c(Cl)cncc3CNS(C)(=O)=O)c2n1,0.02,0.44166026,2.8656063
CCOC(=O)NC(=O)CN1C(=O)NC2(CCc3ccccc32)C1=O,0.0,0.7915039,3.2239351
COC(=O)c1cccc(NC(=O)Nc2nnc(CCSCCc3nnc(NC(=O)Nc4cccc(C(=O)OC)c4)s3)s2)c1,0.0,0.123170845,2.860544
OC(Cn1cnnn1)(c1ccc(F)cc1F)C(F)(F)c1ccc(-c2ccc(C(F)(F)F)cc2)cn1,0.0,0.39074865,3.3868203
CN(c1ccccc1)c1cc[n+](CC2CC2C[n+]2ccc(N(C)c3ccccc3)cc2)cc1,0.01,0.35546982,3.799708
c1ccc(N=Nc2ccccc2)cc1,0.0,0.6244366,1.6723895
Oc1ccc(C=Cc2ccccc2C=Cc2ccc(O)cc2)cc1,0.0,0.6295945,2.0007482
Cc1cnn(CC2CN(Cc3ccccn3)CCO2)c1,0.07,0.8455026,2.8340929
CNC(=O)C1=C(C)C2=C(Nc3ccccc3S2)C(C(=O)NC)C1c1ccccc1C,0.03,0.70469457,3.693987
O=c1c2ccccc2nc(-c2ccc([N+](=O)[O-])cc2)n1-c1ccccc1,0.0,0.41653976,1.8702579
CN1COc2ccc3ccccc3c2C1,0.01,0.64635384,2.2631915
O=C(Cc1ccc(S(=O)(=O)N2CCOCC2)s1)N1CCN(S(=O)(=O)c2cccc(Cl)c2)CC1,0.0,0.5570975,2.4491656
CN1CC(OCc2ccc(Cl)c(Cl)c2)(c2ccccc2)C1,0.0,0.82960534,2.3605468
CC(CC(=O)N1CCN(C=O)CC1)=NNC(=O)c1ccc([N+](=O)[O-])cc1,0.0,0.33951765,2.5490122
Oc1cc(O)c2c(c1)OC(c1ccc(O)c(O)c1)C(OC1(c3cc(O)c(O)c(O)c3)Oc3cc(O)cc(O)c3C(O)C1O)C2,0.07,0.1485743,4.883675
COc1cccc(C#Cc2ccc(C3C(C#N)N(C(=O)c4ccccn4)C3CO)cc2)c1,0.01,0.65227294,3.5758674
O=S(=O)(Nc1ncns1)c1ccc(Oc2ccc(OC(F)(F)F)cc2-c2ccn[nH]2)c(F)c1,0.02,0.3564954,2.9341488
COc1ccccc1NC(=O)c1c(NC(=O)c2ccccc2Cl)sc2c1CCC2,0.0,0.5732785,2.027692
CSc1ccc(Cn2cnc3c(N(C)C)nc(C(F)(F)F)nc32)cc1,0.0,0.658534,2.6371021
Clc1ccc(-c2ccc3nncn3n2)cc1,0.0,0.644996,2.114376
CC(C)OC(=O)c1ccccc1C(=O)c1ccc(N)c([N+](=O)[O-])c1,0.0,0.2967066,2.0944653
O=C(O)c1ccccc1Nc1ccc([N+](=O)[O-])cc1C(=O)O,0.0,0.5714084,1.9116995
Cc1ccccc1C(c1nccn1C)N1CCN(C)CC1,0.03,0.8621394,2.6567075
CC12CCC3=C4CCC(=O)C=C4CCC3C1CCC21CCC(=O)O1,0.0,0.6244641,4.7321706
COc1ccc(-c2cc(F)c(F)cc2-c2ccc(S(C)(=O)=O)cc2)cc1Cl,0.0,0.58295804,2.0685477
COc1ccccc1OCC(=O)N1CCC2(CC1)CC(=O)c1ccccc1O2,0.0,0.8142924,2.689649
Cc1cc(Br)cc(C(=O)NO)c1N(C)S(=O)(=O)c1ccc(OCc2cccnc2)cc1,0.0,0.37406144,2.5055163
Cc1ccc(-n2c(SCC(=O)Nc3ccc4c(c3)OCO4)nnc2-c2ccoc2C)cc1,0.0,0.43099293,2.3675063
CCOc1ccccc1-c1cc(C(=O)NCc2ccccn2)nc(N)n1,0.0,0.70841736,2.1791174
COc1cc2c(cc1OC)CN(CC(=O)Nc1ccc(Cl)cc1Cl)CC2,0.01,0.8315275,2.014822
N=c1sc(-c2ccc(Br)cc2)nn1-c1c(Cl)cc(Cl)cc1Cl,0.0,0.54280573,2.613219
CC(=O)C1(C(=O)C(=[N+]=[N-])S(=O)(=O)c2ccccc2)CC1,0.0,0.27148438,3.1059442
COc1c(OC)c(OC(C)=O)c2c(OC)cccc2c1OC(C)=O,0.0,0.6140982,2.3645015
Cc1cc2c(cc1F)SCCC2(c1c[nH]c2ccccc12)c1c[nH]c2ccccc12,0.02,0.32369593,2.985151
COc1cc(C=C(C#N)C(=O)NCc2ccccc2)ccc1OCc1ccc(C(=O)O)cc1,0.0,0.37985563,2.1230755
Cn1ccccc1=NC=c1sc(=Cc2sc3ccc(F)cc3[n+]2C)n(C)c1=O,0.01,0.45458445,3.605814
COc1ccc2c(c1)C1(Cc3ccccc3)CCN(Cc3ccccc3)C1N2Cc1ccccc1,0.03,0.31613663,3.1572537
O=C(Nc1cc(Cl)ccc1N1CCOCC1)c1ccc(Br)o1,0.0,0.87334734,2.1096268
Oc1ccc2[nH]c(CN3CCC(Cc4ccc(F)cc4)CC3)nc2c1,0.05,0.75874007,2.2231407
CC(C)C(NC(=O)OC(C)(C)C)C(=O)O,0.0,0.75279945,2.296422
COc1cc(C(=O)NC2CCN(C)CC2F)ccc1Nc1ncc(C(F)(F)F)c(Oc2cccc3c2C(=O)CC3)n1,0.04,0.38326332,3.7560444
CC(=O)Nc1ccc(-c2ccc(C=CC(=O)Nc3ccc(NC(=O)Cc4ccc(C)cc4)c(C(=O)c4ccccc4)c3)o2)cc1,0.0,0.11555738,2.5001054
CN1CCN(CCOC2Cn3cc(C=O)c4ccc5c6ccccc6n(c5c43)C2)CC1,0.11,0.46879846,3.423026
CCNC(=O)Nc1ccc(C(=O)Nc2cccnc2)cn1,0.0,0.7986438,1.9699174
N#CC(Cc1ccc(-c2cnn(CC3CCCO3)c2)cc1F)NC(=O)C1NC2CCC1C2,0.02,0.6947031,4.954884
NC(CF)C(CC(=O)O)c1ccccc1,0.0,0.7761049,3.0458999
COc1ccc2[nH]cc(CC(=NO)C(=O)NCCSSCCNC(=O)C(Cc3c[nH]c4ccc(OC)cc34)=NO)c2c1,0.0,0.038732648,3.301918
O=C1OC(c2cc3ccccc3n2S(=O)(=O)c2ccccc2)(c2cc3ccccc3n2S(=O)(=O)c2ccccc2)c2ccccc21,0.02,0.19075727,2.9583914
O=C(Oc1ccc([N+](=O)[O-])cc1)c1ccc(Cl)cc1,0.0,0.3727091,1.6021404
O=C(NCCNc1ccc(OC(F)(F)F)cc1)C(CC(=O)N1CCOCC1)c1ccc(C(F)(F)F)cc1,0.0,0.3739679,3.0228977
c1ccc(-c2nc(Nc3cc(C4CC4)[nH]n3)c3ccccc3n2)cc1,0.04,0.57281446,2.2213643
CCOc1ccccc1N=C(S)N1CCN(c2nc(-c3cccc(OC)c3)cs2)CC1,0.01,0.32422078,2.6270392
Cc1oc(-c2ccccc2F)nc1CCOc1ccc(CN(O)C(N)=O)cc1,0.0,0.47711608,2.396179
CC(=O)NCC1CCCc2cc(S(=O)(=O)c3cccc(F)c3)ccc21,0.04,0.9094535,2.740578
OC1Cc2ccccc2C1n1cnc2c(Cl)ncnc21,0.04,0.69495916,3.2903914
Oc1ccc(C2CNCCc3c2cc(O)c(OCc2ccccc2)c3Cl)cc1,0.59,0.6034258,2.9492764
O=C(O)CN1C(=O)C(=Cc2ccc(OCCc3ccc(Cl)cc3)c(OCc3ccccc3)c2)SC1=S,0.01,0.2565802,2.3259306
C=C1C(OC(=O)c2ccccc2)CC(OC(C)=O)C2(C)C1CC1CC(OC(C)=O)C(C)=C(C1C)C(OC(C)=O)C2OC(C)=O,0.0,0.24900097,5.6674123
CCOCC(=O)NCC1(NC(C)c2ccccc2)CCOCC1,0.0,0.7694338,2.9883785
CCc1cccc(C)c1NC(=O)Cn1ncc2c3ccccc3n(Cc3ccccc3)c2c1=O,0.0,0.39970145,2.3024135
O=C(Cn1cc([N+](=O)[O-])cn1)NCCc1c[nH]c2ccccc12,0.0,0.53260106,2.2430384
Cc1nc(C)c(-c2ccnc(N(C)C)n2)s1,0.0,0.7991604,2.5114477
CC(C)(C)NC(=O)N1CCc2ccccc2C1c1ccc(C(F)(F)F)cc1,0.03,0.7324627,2.668923
CC1(CCc2ccccc2)OC(=O)c2c1ccn(-c1ccc(S(N)(=O)=O)cc1)c2=O,0.01,0.6332618,3.1294386
Cc1cccc(-c2nnc(CSc3cnn(C(C)(C)C)c(=O)c3Cl)o2)c1,0.0,0.61802197,2.6852102
O=C(O)Cc1nn(Cc2nc3cc(C(F)(F)F)ccc3s2)c2ccccc12,0.0,0.5619702,2.4870684
CCCN(CC)CCc1ccc(F)c(O)c1,0.17,0.8043785,2.130581
O=C(Nc1cc2cc[nH]c(=O)c2cc1Cl)C1CNCC1c1cccc(Br)c1,0.03,0.57140887,3.3021176
CC(Oc1cnc2ccc(Cl)cc2n1)C(=O)O,0.0,0.90600985,2.6683052
CC(C)(C)c1ccc(CCCOS(N)(=O)=O)cc1,0.0,0.83407634,2.1224337
COc1ccc2c(c1)C(=O)c1c-2c(N2CCNCC2)nc2ccccc12,0.06,0.60539484,2.3608074
COCCCNc1cc(-c2cnc(C)nc2-c2ccc(Cl)cc2Cl)nc(-c2ccccc2)n1,0.0,0.29724866,2.5235806
Cc1c(Nc2c(C#N)cncc2C=CCCN2CCN(S(=O)(=O)C(C)C)CC2)ccc2[nH]ccc12,0.17,0.4871768,3.0749266
Cc1ccccc1NC(=O)C1CCCN1S(=O)(=O)c1cccc2cccnc12,0.0,0.7348333,2.513717
CN1CCC2(CC1)CC(N1CCC3(CC1)C(=O)NCN3c1ccccc1)c1ccccc1O2,0.12,0.7663214,4.0017443
COC(=O)c1c(C)oc2cc(Br)c(OCC(=O)C(C)(C)C)cc12,0.0,0.7375576,2.504831
O=C(CCNS(=O)(=O)c1ccc(OC(F)(F)F)cc1)N1CCN(CC=Cc2ccccc2)CC1,0.01,0.5761921,2.3768716
COCCCNC(=O)C(F)(F)C(F)(F)C(=O)NCCCOC,0.0,0.42821625,2.516195
COC(=O)c1cc(C(=CCCc2nnc(C)o2)c2cc(C)c3oc(=O)n(C)c3c2)cc(C)c1OC,0.0,0.36252385,3.1282682
CCc1cc(C(Cc2ccccn2)=NO)c(O)cc1O,0.0,0.4531726,2.6730978
Cc1nc(-c2cccc3c(NC(=O)N4CCc5cc6nccc(N7CCN(C)CC7)c6cc54)cccc23)no1,0.19,0.35496026,2.806753
COc1ccc(C=Cc2cnc(C=Cc3ccc(OC)cc3)cn2)cc1,0.0,0.6420227,2.2666667
CCN1CCc2[nH]cnc2C12CCN(c1ncc(C(=O)O)cc1Cl)CC2,0.01,0.8570107,3.514915
O=C(CCn1ccnc1)c1ccccc1,0.0,0.7086869,1.8626255
COc1ccc(CC(O)c2nc3ccccc3o2)cc1OC,0.0,0.7838601,2.5467231
Oc1c2cc(F)ccc2nc2sc(Cl)nc12,0.0,0.6692211,2.855847
COc1cccc(N2CCN(S(=O)(=O)c3cc4c(cc3Cl)NC(=O)CO4)CC2)c1,0.0,0.78841484,2.3706665
CCOc1ccc(N(CC(=O)N2CC(=O)Nc3cc(C)c(C)cc32)C(C)=O)cc1,0.01,0.84402806,2.5364468
CCCc1nc(-c2ccccc2)c(CNCCN2CCN(c3ccc(C)cc3)CC2)o1,0.24,0.517989,2.3773124
O=C(NNC(=O)c1ccc(SCC2CCCO2)c([N+](=O)[O-])c1)c1ccc(F)cc1,0.0,0.42296076,2.7282493
Cc1cc(C)n(C(=O)c2ccc(C)c(Br)c2)n1,0.0,0.8085839,2.1734502
Nc1ccnc2ccncc12,0.0,0.6058167,2.2555652
O=C(CNc1ncnc2ccc(C(F)(F)F)cc12)NC1CN(C2CCC(C(O)c3cncs3)CC2)C1,0.02,0.43740988,3.497815
COc1cc2nc(COc3ccc(F)cc3)oc(=O)c2cc1OC,0.0,0.71577275,2.0891378
NC(Cc1cc(Br)c(Oc2ccc(O)c(Br)c2)c(Br)c1)C(=O)O,0.01,0.55441034,2.857146
CCN(C(=O)COC(=O)CCOc1cccc(C)c1)c1c(N)n(Cc2ccccc2)c(=O)[nH]c1=O,0.0,0.4225608,2.4273334
O=C(c1cncnc1Oc1cc(Cl)ccc1Cl)N1CCCc2ccccc21,0.02,0.6089239,2.3573833
NC(=[NH2+])c1cccc(S(=O)(=O)NCCC(=O)Nc2cccc(C(=O)O)c2)c1,0.0,0.29064214,2.440927
CCCN1CCC(=O)N(C(CSc2ccc(OC)cc2)Cc2ccccc2)CC1,0.01,0.573678,2.7446954
COc1ccccc1C(=O)NC(CCSC)C(=O)NNC(=O)C(C)Oc1ccccc1F,0.0,0.46718904,2.9481153
COc1ccc(CNC(=O)COC(=O)c2cnccn2)cc1,0.0,0.79916716,1.8844773
CC(=O)c1c(O)c(C)c(O)c2c1OC1=CC(=O)C(=C(C)NCCC(=O)O)C(=O)C12C,0.0,0.3195077,3.9056482
Cc1cc(C(C)(C)C)c(OC(=O)NS(=O)(=O)Oc2ccccc2)c(C(C)(C)C)c1,0.0,0.75388664,2.590077
O=c1c2ccccc2nnn1CSc1nnc(-c2ccc3c(c2)OCO3)o1,0.01,0.49236685,2.510609
CCC(C)(C)NC(=O)Cc1ccc(F)cc1,0.0,0.83501476,1.8291585
COc1ccc(CNc2ncnc3c2NC(=O)CN3)cc1,0.0,0.78797007,2.5199444
COC(=O)c1cccc2c1NC(=O)C2=NNC(=O)CN(c1ccc(Cl)cc1)S(=O)(=O)c1ccc(OCCCN(C)C)cc1,0.03,0.17690632,2.8993108
O=C(O)CSC1CC(=O)N(c2ccc(Cl)cc2)C1=O,0.01,0.85800225,2.6308331
CN1CCCN(Cc2ccc(-c3ccc(NC(=O)c4ccc(C#N)cc4)cc3)cc2)CC1,0.01,0.6495487,1.9915205
CC1=C(c2ccc(C)c(C)c2)S(=O)(=O)N(Cc2ccc(C(=O)NCc3cccc(C)c3)cc2)C1=O,0.0,0.54773825,2.4585397
O=C(O)c1ccccc1C(=O)NCCOC(=S)Nc1cc(F)ccc1F,0.01,0.52770835,2.2207007
Cc1cc(Cl)ccc1C(=O)N(Cc1cccc(Br)c1)C(Cc1ccccc1)C(=O)O,0.0,0.4625439,2.5941513
OC1CC2CCCN(CCc3c1[nH]c1ccccc31)C2,0.08,0.7724214,4.4343634
Cc1cc2[nH]c(=O)c(=O)n(CC(N)C(=O)O)c2cc1C,0.0,0.6666331,2.899516
Cc1cnc2c(c1)C(C)CCC2C(N)=S,0.02,0.7394864,3.823466
COc1ccc2c(c1)CCc1sc(NC(=O)c3ccc(Cl)cc3)nc1-2,0.0,0.7184383,2.087305
COC(=O)c1c(O)cc(O)c(Cl)c1CCC(=O)NC1=CC(=O)C(OC)=CC1=O,0.01,0.46936393,2.9085152
O=C(NCc1cccs1)C1CCN(S(=O)(=O)c2cccs2)CC1,0.0,0.8794243,2.1689425
O=C(Nc1ccccc1)Nc1ccc2c(C(=O)c3ccccc3)c(O)n(O)c2c1,0.0,0.30654055,2.2908773
CCCNc1ccc(Nc2c3ccccc3nc3ccccc23)cc1,0.0,0.44446272,1.872241
O=CCN1C(=O)C(NC(=O)CCc2ccccc2)N=C(c2ccccc2)c2ccccc21,0.0,0.59091055,2.8157074
Cc1[nH]c2ccccc2c1C(=O)CSc1nncn1C,0.0,0.5912101,2.2848058
COc1cc(C(C)=O)cc(OC)c1OC1OC(CO)C(O)C(O)C1O,0.0,0.47639048,3.5044348
O=C(C#Cc1ccccc1)N1c2ccccc2CC1c1c[nH]c2ccccc12,0.03,0.4828864,2.9550555
CCC1(O)CC(OC2CC(OC(C)=O)C(OC(C)=O)CO2)c2c(O)c3c(c(O)c2C1C(=O)OC)C(=O)c1cccc(O)c1C3=O,0.0,0.17480706,4.84187
CC(C)(CO)NCc1ccc(-c2cc3ncnc(Nc4ccc5[nH]ccc5c4)c3s2)cc1,0.03,0.26896197,2.7169802
COc1cc(C(=O)NC2CCN(C)CC2)ccc1Nc1ncc2c(n1)-c1c(nn(C)c1C(C)(C)C)CC2,0.02,0.545861,2.963916
CC(NC(=O)c1ccccc1Cl)c1nnc(SCC(=O)Nc2ccc(C(=O)O)cc2)n1C,0.0,0.4278231,2.590287
CCCOc1ccccc1OCC(=O)N1CCN(CC(=O)N2CCOCC2)CC1,0.0,0.63888144,2.095177
O=C(CSc1nnc2ccc3ccccc3n12)Nc1ccccc1Cl,0.0,0.5464418,2.0512853
COc1ccc(OCc2nnc(S)o2)cc1,0.0,0.82486427,2.2400765
O=C(NC(Cc1ccccc1)C(=O)OCc1ccccc1)c1[nH]cnc1C(=O)N1CCc2ccccc2C1,0.0,0.3534345,2.8900187
O=C(Nc1ccc(N2CCOCC2)cc1)c1cnccn1,0.0,0.9262508,1.9363962
Cc1[nH]n(-c2ccccc2Cl)c(=O)c1C1(C(F)(F)F)C(=O)N(c2ccccc2)C2=C1C(=O)CC(C)(C)C2,0.02,0.47851193,3.5610769
Cc1cccc(NC(=O)c2[nH]cnc2C(=O)NCCCNC(=O)c2nc[nH]c2C(=O)Nc2cccc(C)c2)c1,0.0,0.17263027,2.6900203
O=C(O)CC(Sc1cccc(NC(=O)Cc2ccccc2)c1)c1cccnc1,0.0,0.54906934,2.6026268
COC12C(COC(N)=O)C3=C(C(O)=C(C)C(=NCCN)C3=O)N1CC1NC12,0.02,0.34207338,4.987693
O=C1CSC(=S)N1N=Cc1cccnc1,0.0,0.5738937,2.813209
O=C(CCCOc1ccccc1F)Nc1cc[nH]n1,0.0,0.7860119,2.4196317
CCOC(=O)CC(C)(O)CC(=O)OCC,0.0,0.66231674,2.317319
Cc1ccsc1CN(C)c1ncnc2ccc(-c3ccc(C(C)O)o3)cc12,0.01,0.5315194,3.1776168
O=c1cc(-c2ccc(O)cc2)nc2c(O)cccn12,0.0,0.6936721,2.1957438
Cc1cccc(Nc2nnc(SCC(O)=C(C#N)c3nc4ccccc4[nH]3)s2)c1,0.02,0.22728437,2.8085985
CC1(C)CC2=Nc3ccccc3NCC2=C(O)C1,0.0,0.7261011,3.1282372
CCC1(O)CC(=O)OCc2c1cc1n(c2=O)Cc2c-1nc1ccc(C)cc1c2C[n+]1ccccc1,0.0,0.3249202,3.7350104
Cn1c(CO)nc(CCO)c1[N+](=O)[O-],0.0,0.49778995,3.1108415
Nc1ccccc1C(=O)c1cn(-c2cccc(OCc3ccccc3)c2)nn1,0.0,0.41362956,2.1587455
CC(C)N(Cc1cnc[nH]1)c1cccc(Br)n1,0.02,0.8819554,2.7903118
COc1ccc2cc(S(=O)(=O)N(CCC(C)C)C(C(=O)NO)C(C)C)ccc2c1,0.0,0.47683972,2.9285314
CCOC(=O)CNC(=O)OC1C(=O)c2cc(OC)ccc2OC1c1cccc(OC)c1,0.0,0.66936606,3.216956
Fc1cccc(-c2nnc(S)n2-c2ccccc2)c1,0.01,0.7244442,2.011306
COCCn1c(=O)c(-c2ccc(OC)cc2)nc2cnc(Nc3ccccc3)nc21,0.0,0.5063902,2.264479
COc1ccc(C(=O)N2CCN(c3cccc(C)c3C)CC2)cc1S(=O)(=O)NC1CC1,0.01,0.7427632,2.166181
O=C(CCCN1CCC2(CC1)C(=O)N(Cc1ccc([N+](=O)[O-])cc1)CN2c1ccccc1)c1ccc(F)cc1,0.78,0.21895523,3.0145023
O=C(N=C1SC2CS(=O)(=O)CC2N1Cc1ccccc1)C1CC1,0.0,0.8299043,3.3237793
CC(=O)Nc1ccccc1C(=O)NC(Cc1ccccc1)C(O)C(O)C(Cc1ccccc1)NC(=O)c1ccccc1NC(C)=O,0.02,0.13354023,3.4391952
Clc1ccc(-c2nnc(-c3ccccc3)nc2-c2c[nH]c3ccccc23)cc1,0.0,0.4155545,2.1549563
CNc1nc(Nc2ccc(C(=O)N(C)C(C)C)cc2OC)ncc1C#N,0.0,0.8216153,2.5171306
CC(=O)NCC(=O)OCc1ccc([N+](=O)[O-])cc1,0.0,0.47386676,1.8675259
CC(C)c1ccccc1NC(=O)Cn1c(-c2ccccc2Cl)nc2ccccc21,0.0,0.43603826,2.0074883
COc1ccc(S(=O)(=O)NC(CCCNS(=O)(=O)c2ccccc2)C(=O)NO)cc1,0.0,0.2191588,2.6110559
Cc1ccc2cc(C(=O)NC3C4CCN(CC4)C3Cc3cccnc3)oc2c1,0.01,0.7573558,3.9751985
O=C([O-])C1=CC(=O)C2C(CCC(O)CCC3=CC=CC4OC(C(=O)[O-])=CC(=O)C34)=CC=CC2O1,0.0,0.49084815,5.5118904
C[n+]1cnc2c(c1N)c1ccccc1n2C1OC(CO)C(O)C1O,0.0,0.45714504,4.1072364
CCCc1nccn1CC1CC(c2ccccc2)(c2ccccc2)C(=O)O1,0.03,0.6207716,3.066746
O=C(Nc1ccc([N+](=O)[O-])cn1)c1cc(-c2cccc(Cl)c2)nc2ccccc12,0.0,0.37611982,2.1157935
CCOc1ncccc1C(=O)OCc1ccc(C(=O)OC)o1,0.0,0.75590307,2.200154
COC1CN(C)C(=O)c2ccc(NC(C)=O)cc2OCC(C)N(C(=O)c2ccccc2F)CC1C,0.04,0.71983385,3.9220488
N=C(N)NN=Cc1cccc(C(N)=O)c1,0.0,0.30531067,2.433553
CCc1ccc2c(c1O)-c1cccc3c1C(C2)N(C)CC3,0.99,0.8599718,2.9658527
Cc1cccc(C)c1NC(=O)C1CSC2(C)CCC(=O)N12,0.0,0.91368717,3.134626
Oc1ccc2[nH]cc(CCN3CCN(c4ccccc4)CC3)c2c1,0.61,0.77509916,2.0078201
CC1(C)SN(C(C(=O)O)c2ccccc2)C(=O)C1N1C(=O)C(N2C(=O)c3ccccc3C2=O)C1Cl,0.0,0.21462043,4.236
CCCn1c(-c2ccc(F)cc2)nc2c(N3CCCN(Cc4ccccc4)CC3)nc(C)nc21,0.13,0.40410852,2.3780565
O=C1N(Cc2ccc([N+](=O)[O-])cc2)C(Cc2ccccc2)C(O)C(O)C(Cc2ccccc2)N1Cc1ccc([N+](=O)[O-])cc1,0.0,0.19554222,3.6282086
Cc1ccc(C(=O)Nc2ccc3oc(Cc4ccccc4)nc3c2)cc1C,0.0,0.5405614,1.9378289
C=CCNC(=O)CCCNC(=N)N,0.0,0.19494866,2.3874247
CN(CCCc1nccn1C)c1nccc(-c2cc(C(=O)O)ccn2)n1,0.02,0.69471276,2.65917
CC1(C)CC(=O)CC(=Nc2ccc3[nH]c(O)nc3c2)C1,0.0,0.8360019,3.2227952
O=C(C=Cc1ccc(S(=O)(=O)N2CCOCC2)cc1)NCCc1ccc(C(F)(F)F)cc1,0.0,0.6340706,2.2558324
CC1CN(Cc2cccc(C#N)c2)CCN1c1ccc(NC(=O)c2cccs2)cc1,0.05,0.66124904,2.693506
CN(C)c1cc(C2CCCN(C(=O)c3ccc(=O)[nH]n3)C2)ccn1,0.02,0.91733164,3.0223532
CC(C)OC(=O)c1c2c(n3ccccc13)C(=O)c1ccccc1C2=O,0.0,0.5281348,2.39338
CCCc1cc(O)c(Cl)c2c1C(=O)Oc1cc(O)c(Cl)c(CCC)c1O2,0.0,0.5163044,3.2137678
c1ccc(-c2csc(Nc3cccc4ccccc34)n2)cc1,0.0,0.524282,1.7451464
COc1cc2nccc(NC(CSc3ccnc4cc(OC)c(C(N)=O)cc34)C(=O)O)c2cc1C(N)=O,0.0,0.22658041,3.272642
COc1ccc(C2(C(=O)Nc3ccc(C)c(C)c3)CCOCC2)cc1,0.0,0.9157783,2.1094909
COc1ccc(Cn2c(=O)n(Cc3ccc(C(=O)Nc4ccccc4N)cc3)c(=O)c3ccccc32)cc1,0.01,0.32322818,2.1659808
CCOc1ccc(N2CC(Oc3ccc(C(C)NC(=O)C(C)C)cc3)C2)cc1,0.0,0.7438896,2.5561366
COc1ccc(C(=O)C=Cc2ccc3c(c2)C(=O)c2ccccc2CO3)cc1,0.0,0.49276298,2.1774845
Cc1c(C(=O)N(C)C)sc2c1c(=O)n(-c1ccc(Cl)cc1)c(=O)n2Cc1ccccc1F,0.0,0.450532,2.4531486
COC(=O)c1ccc(N2CCC(c3cc(-c4ccc(OC)cc4)[nH]n3)CC2)c([N+](=O)[O-])c1,0.01,0.35076526,2.4836533
Cc1ccc(NC(c2ccccc2)c2ccc3cccnc3c2O)cc1,0.0,0.51905364,2.4596012
NCC1CCC(Nc2cc(-c3cccc(NCc4cncc(F)c4)n3)c(Cl)cn2)CC1,0.05,0.48522967,2.7408528
Cc1ccc(S(=O)(=O)NCCC(=O)O)cc1,0.0,0.7988882,1.6532383
COCCNS(=O)(=O)c1ccc(Nc2nccc(-c3c(C)nc(C)n3C)n2)cc1,0.0,0.54139924,2.5755384
COc1ccc2c(c1)C1OCCNC1CC2,0.16,0.7790679,3.2133746
COc1ccc(C=Nn2c(S)nnc2-c2ccc(C)cc2)cc1OC,0.0,0.56312305,2.2871838
COc1ccc2nc3cc(Cl)ccc3c(Sc3ccccc3[N+](=O)[O-])c2c1,0.0,0.23634811,2.2930865
CNC1(C)CN(c2cc3c(cc2F)c(=O)c2c(=O)[nH]sc2n3C2CC2)C1,0.02,0.7372807,3.3019814
CCOC(=O)C1CCN(Cc2cnc(Oc3ccc(OC)cc3)s2)CC1,0.01,0.6865851,2.255563
COc1ccc(Cn2c(CCC(=O)Nc3cc(C)cc(C)c3)nc3cccnc32)cc1,0.0,0.47686774,2.162944
C#CC(C)(C)Oc1cc(O)c2c(=O)c3ccccc3n(C)c2c1,0.0,0.58416265,2.7248628
Fc1cccc(CN=C=S)c1,0.0,0.48645696,2.5341542
CCOC(=O)c1c(C)c(C(=O)Nc2cc(OC)ccc2OC)c(C)n1CC,0.0,0.7497347,2.1801589
CN1CCC(=C(c2ccc(Cl)cc2)c2ccccn2)CC1,0.11,0.8232326,2.2981133
COc1ccc2c(c1)CCc1c(C(=O)Nc3ccc(OC)cc3OC)noc1-2,0.0,0.72641414,2.3029976
Fc1cccc2[nH]cc(CCCN3CCN(c4cccc5c4OCCO5)CC3)c12,0.95,0.7128692,2.4809132
COc1cccc2c1CCN(C(=O)NCc1nnc3ccccn13)C2,0.05,0.7934591,2.380048
N=C(N)NCC1CC1C(N)C(=O)O,0.0,0.27019492,4.1645155
N=C(N)NCCc1ccc2ccccc2c1,0.0,0.5380917,1.8105628
N#CC1=C(c2ccc(-c3ccccc3)cc2)COC1=O,0.02,0.779953,2.2468944
N#Cc1ccc(N2C(=O)C3(CCC3)N(c3ccccc3C(=O)O)C2=S)cc1C(F)(F)F,0.0,0.7081076,3.2558951
O=C(NCCNc1ncccn1)C1CC(=O)N(Cc2ccco2)C1,0.02,0.72341204,2.8077466
CCC(CO)NC(=O)c1ccccc1Br,0.0,0.87972796,2.3069427
O=C(O)c1ccccc1C(=O)Nc1nnc(S)s1,0.0,0.58885515,2.3485966
CC1CN(C(C)CO)C(=O)c2cccc(NC(=O)Nc3ccc(C(F)(F)F)cc3)c2OC1CN(C)C(=O)Nc1cccc2ccccc12,0.0,0.17165487,3.740855
O=CN1CCCN(Cc2nc(Cc3ccccc3F)no2)CC1,0.0,0.78123385,2.4614377
O=C(Cc1cccc([N+](=O)[O-])c1)NCc1nc2cccnc2n1Cc1ccc(F)cc1,0.0,0.36537662,2.2445538
CCN(CC#Cc1cccc(N=[N+]=[N-])c1)Cc1cccc(OCc2cc(-c3ccsc3)cs2)c1,0.04,0.10498454,3.079365
O=C(COc1cccc2[nH]c(=S)[nH]c12)N1CCN(c2cccc3[nH]c(C(F)(F)F)nc23)CC1,0.02,0.389361,2.8428838
O=C(CSc1ccc2nnc(-c3cccc(F)c3)n2n1)NCC1CCCO1,0.0,0.65400124,2.9146574
Cc1cc(NS(=O)(=O)c2ccccc2F)ccc1-n1cccc1C(=O)O,0.0,0.71616656,2.2270026
CC(C)(C)C(=O)Cn1c(NCCCO)nc2ccccc21,0.0,0.80159515,2.34379
Cc1c(COc2ccccc2)oc2cccc(OCCNCc3cccnc3)c12,0.19,0.41408873,2.3171294
O=C(NC1CCCNC1)c1n[nH]cc1NC(=O)c1c(F)cccc1F,0.03,0.6708795,3.1827965
CN(Cc1ccccc1)C1CCN(CCCc2c[nH]c3ccc(-n4cnnc4)cc23)CC1F,0.3,0.44024503,3.5174243
Cc1ccc(C=CC2(C)CCC(C)(C=CC3=CC(O)C(C)(O)CC3O)O2)cc1,0.0,0.7403893,4.8121543
CC(Sc1ccsc1[N+](=O)[O-])C(=O)NCCc1ccc(Cl)cc1,0.0,0.4511527,2.8813684
O=C(O)C1C(c2ccccc2)c2ccccc2C1c1ccccc1,0.0,0.7628642,2.6515045
COC(=O)C(Cc1ccc(O)c(O)c1)NC(=O)C(CS)NC(=O)C(C)(C)S,0.0,0.20732443,3.4030704
COc1cc2ncnc(Sc3nc(C)cs3)c2cc1OC,0.0,0.68533933,2.4040544
Cc1cc(COc2ccc(N3CCC(C(N)C(=O)NO)C3=O)cc2)c2ccccc2n1,0.0,0.4160695,3.331586
CNC(=O)Cc1noc(-c2cc3c(s2)CCC(C)(C)C3)n1,0.0,0.9461639,2.9893382
Fc1ccccc1NC1CCN(Cc2ccccc2)CC1,0.01,0.91566074,1.6753829
CCOc1cc(CNC(C)C)c(Cl)cc1OCC(=O)NCCc1ccccc1,0.0,0.5944567,2.055567
COc1ccc(CN2CCc3c(sc(NC(=O)c4cc(S(=O)(=O)N5CCOCC5)c(Cl)cc4Cl)c3C#N)C2)cc1OC,0.0,0.36991063,2.7744591
COC(=O)c1c(Sc2c(O)cc3oc4cc(C)cc(O)c4c(=O)c3c2C(=O)OC)c(O)cc(OC)c1C(=O)c1c(O)cc(C)cc1O,0.0,0.08769062,3.526302
Cc1cc(C)c(N=CN(C)C)c(C)c1,0.0,0.5169508,2.491241
CCc1nn(Cc2ccc(NC(=O)c3cc(C)ccc3Br)cc2)c(CC)c1CC(=O)O,0.0,0.47117063,2.4235778
CC1CN(C(=O)c2cc([N+](=O)[O-])cc([N+](=O)[O-])c2)CC(C)O1,0.0,0.620045,3.0237997
CCC=CC(CC)CC1(C)CC(CC)C(CCOC(C)=O)OO1,0.0,0.34579185,4.573729
CCN(Cc1ccccc1F)C(=O)CNC(=O)C(CCCN=C(N)N)NC(=O)C(N)Cc1ccc(O)cc1,0.0,0.11363321,3.28111
Cc1csc(C2CC3CCN(C(=O)c4cnccn4)CC3O2)n1,0.0,0.84451246,3.8125684
Cn1ccnc1-c1ccc2c(c1)N(c1nc3c(s1)C(=O)NC(C)(C)C3)CCO2,0.05,0.72174686,3.055678
CN1C(=O)OC2(CCN(CCC(C)(C(=O)N(C)C(Cc3ccccc3)C(=O)NCCN)c3ccc(Cl)c(Cl)c3)CC2)c2cc(F)ccc21,0.19,0.27404213,4.4189935
COc1ccc(C2CC(Nc3nc4ccc([N+](=O)[O-])cc4s3)=NN2C(C)=O)cc1O,0.01,0.48005712,3.2134914
COc1ccc2[nH]c(SCC(=O)c3ccco3)nc2c1,0.0,0.57675356,2.258186
CN1CCc2nc(C(=O)N3CCN(S(=O)(=O)c4ccc5cc(Cl)ccc5c4)CC3C(=O)NCc3ccccc3)sc2C1,0.02,0.3508722,3.2315636
O=C1C=C(N2CCOCC2)C(=O)c2ccccc21,0.0,0.7451503,2.2467346
Cc1ccc(CNC(=O)c2sc3nc[nH]c(=O)c3c2C)cc1,0.0,0.78002334,2.1824734
CC(=O)Nc1c(-c2ccccc2)c2cc(Cl)ccc2[nH]c1=O,0.0,0.7556083,2.0279639
Cn1nc(-c2ccccc2)c2cc([N+](=O)[O-])ccc21,0.0,0.5203125,1.9622567
CC(C)c1nn(-c2ccc(C(N)=O)c(NC3CCC(O)CC3)c2)c2nccc(-c3cnc4[nH]ccc4c3)c12,0.01,0.25710806,3.0767324
O=C(NC(=S)Nc1ccc(S(=O)(=O)Nc2nccs2)cc1)c1cccc(F)c1,0.0,0.53131086,2.1698995
C=C1CCC2C(C)(COC(=O)C(Cl)Cl)C(OC(=O)C(Cl)Cl)CCC2(C)C1CCc1ccoc1,0.02,0.20964909,4.685269
O=C(Cc1ccccc1Cl)Nc1cc(Cl)cc(C(F)(F)F)c1,0.0,0.8123148,1.9277587
CN(C)Cc1ccc(-c2cc3c(Nc4ccc(OCc5cccc(F)c5)c(Cl)c4)ncnc3s2)[nH]1,0.01,0.23991166,2.770845
COc1ccc(OC)c(C=Cc2nnc(S)n2-c2ccccc2)c1,0.0,0.7195039,2.443847
CC1=CC(O)CC(C)=CC(O)CC(C)(O)C=CC(C(C)C)CC1,0.01,0.64431345,4.8715744
O=S(=O)(Nc1ccncn1)c1ccc2c(-c3ccc(-c4cccc(F)c4)cc3)nccc2c1,0.01,0.3880039,2.3729193
N=C(N)NCc1ccc(CNC(=N)N)cc1,0.0,0.30641365,2.2439651
O=C(N1CCCO1)C12CCOC1CCN(Cc1ccc(F)cc1)C2,0.09,0.8475505,3.741721
CCOc1cc(O)cc2oc(=O)c(N3CCN(C)CC3)c(C)c12,0.02,0.8728172,2.5813131
CCc1ccc(CNCCSc2nnnn2C)cc1,0.0,0.61591107,2.1309116
COc1ccc(-c2nc(Nc3ccc(S(N)(=O)=O)cc3)nc(N3N=C(C)CC3=O)c2C#N)cc1OC,0.01,0.48696184,2.840698
O=C(NCC#Cc1ccc2nccc(NC3CC3)c2c1)c1cncn(Cc2ccc(F)c(F)c2)c1=O,0.01,0.40854308,2.8077552
CCOCCOC(=O)C(C#N)=C(NCc1cc(C(C)C)no1)SC,0.0,0.29657194,3.0753558
O=C(Nc1ccc(C2CNCCO2)cc1)c1cc(-c2cccc(Cl)c2)n[nH]1,0.03,0.64325225,2.7997766
Cn1c(C=CC=[N+](C)[O-])cnc1[N+](=O)[O-],0.0,0.23948884,3.7294538
CCOC(=O)c1sc(SC)c(C#N)c1N,0.0,0.64852566,2.6926157
COc1cc(CO)cc(-c2nc3c(N4CCOCC4C)nc(N4CCOCC4C)nc3[nH]2)c1,0.02,0.5979658,3.7903438
S=C(NCCc1ccccn1)NN=Cc1ccccn1,0.0,0.49529812,2.3043468
CCOCCOC(=O)c1c(SC)nn(-c2ccc(C)cc2C)c1N,0.0,0.4701947,2.5344434
CC(C)C1=C(C(=O)N2C(C)CCC2C(=O)N2CCNC3(CC3)C2)SC2=NC(C)(c3ccc(Cl)cc3)C(c3ccc(Cl)cc3)N21,0.05,0.39560914,4.950518
CN(CCO)CCCN1C(=O)CSC1c1cc(C(C)(C)C)c(O)c(C(C)(C)C)c1,0.0,0.69822717,3.2930264
Oc1cnccc1CCCOc1cccnc1Oc1cc(Cl)cc(Cl)c1,0.0,0.55450153,2.5016737
CC(=Cc1nc(C(=O)O)c[nH]1)c1cc2c(cc1C)C(C)(C)CCC2(C)C,0.0,0.78481877,3.253413
Cc1nnc2n1CCN(C(=O)c1cn(-c3ccccc3Cl)nn1)C2,0.0,0.703551,2.572883
O=C(O)C1OC(OC(=O)N2CC(N3CCN(c4ncc(O)cn4)CC3)CC2C(=O)N2CCC(F)(F)C2)C(O)C(O)C1O,0.09,0.23897105,4.74097
O=[N+]([O-])N=C1SCCN1Cc1ccc(Cl)nc1,0.03,0.47683516,2.9896474
CCOC(=O)C1C2COc3ccc(OC)cc3C2N2C(=O)c3ccc(F)cc3NC(=O)C12C,0.0,0.71715164,3.9079804
O=C(Cc1cccc2sccc12)NC1N=C(c2ccccc2F)c2ccccc2NC1=O,0.0,0.48709473,3.0037248
NC(=NOC(=O)Cc1ccc([N+](=O)[O-])cc1)c1cccc(Br)c1,0.0,0.28302667,2.2358277
COc1nc(N(C)C)ncc1-n1nc2c(c1C(C)C)C(c1ccc(Cl)cc1)N(c1cc(Cl)cn(C)c1=O)C2=O,0.01,0.335032,3.7811062
O=CN1CCN(C(=O)c2ccc(Cl)cc2)C1=S,0.0,0.603459,2.5867805
Cc1cc(C(=O)N2CCN(CC(=O)c3ccc(F)cc3)CC2)nn1C,0.02,0.78914064,2.1160433
COc1ccc(C2CC2c2cc(OC)c(OC)c(OC)c2)cc1[N+](=O)[O-],0.0,0.55088204,2.9404013
O=C1COc2c(Cl)cc(Cl)cc2N1Cc1nnc(C2CCc3ccccc3C2)n1CCC(F)(F)F,0.1,0.4268523,3.4630744
O=C(Cn1c(-c2ccccc2)c(Cl)nc(NCCc2ccccc2)c1=O)NCC1CCNCC1,0.0,0.4378695,2.5202231
O=C(NNC(=S)NCc1ccccc1)c1ccc2c(c1)OCO2,0.0,0.5883349,1.954098
O=C1c2ccc([N+](=O)[O-])cc2C(=O)N1CC1CCN(Cc2ccccc2)CC1,0.08,0.4527834,2.112831
CN(C)S(=O)(=O)N1CCC2(O)CCN(c3nccs3)CC2C1,0.01,0.8467696,3.704659
Clc1ccc(-n2c(-c3ccccc3Cl)nc3c(NC4CCNCC4)ncnc32)cc1,0.01,0.47098434,2.5154927
O=C(c1ncccc1-c1ccc(-c2cnc3[nH]ccc3c2)c(F)c1)N1CCOCC1,0.0,0.564189,2.5598114
CC1=NN(C(=O)CCc2ccccc2O)C(O)(C(F)(F)F)C1,0.0,0.89753664,3.1026857
ON=C(NCc1ccncc1)c1cccnc1Oc1ccc(F)cc1,0.0,0.32277688,2.4249306
Cc1cc(C)c(C(=O)CN2CCOCC2)c(C)c1,0.0,0.7663156,1.99614
CN1CCN(S(=O)(=O)c2ccc(NC(=O)c3ccc(Br)o3)cc2)CC1,0.0,0.8079526,2.0659935
CCOC(=O)Cn1nnc(C(=O)OCC)c1C(=O)OCC,0.0,0.51827675,2.3082533
N#Cc1cn(-c2ccc(C(=O)O)c(O)c2)cc1C(=O)O,0.0,0.77641475,2.5833158
O=S(=O)(C=Cc1ccccc1)N1CCN(Cc2nc(O)c3ccccc3n2)CC1,0.0,0.69535446,2.4179885
O=C(NCCC(c1ccccc1)c1ccccc1)Nc1ccccc1Cl,0.0,0.579724,1.7971542
O=C(Nc1ccc(NC(=O)c2ccc(O)cc2)cc1)c1ccc(O)cc1,0.0,0.57879615,1.5190141
Cc1cc(C)c(-c2ccc(N)cc2C)c(C)c1,0.0,0.7241708,1.9316963
N#COc1ccc(Oc2ccc(OC#N)cc2)cc1,0.0,0.780782,2.3457685
CC(C)C1=Cc2ccc3c(c2C(=O)C1=O)C(=O)CCC3(C)C,0.01,0.7416524,3.0569963
C=CC[n+]1ccn(Cc2cc3ccccc3o2)c1,0.06,0.5066086,2.9667275
O=C1c2cc(Cl)cc(Cl)c2OC2c3[nH]c4ccccc4c3CCN12,0.02,0.63942933,3.1795566
COC1=CC(C(=O)N2CCC3(CC2)Cc2cnn(C(C)C)c2C(=O)N3)=CC2NN=CC12,0.04,0.7583337,5.0796666
CC(C)(CNC(=O)C1CCOCC1)CN(C1=NS(=O)(=O)c2cc(F)ccc21)c1ccccc1,0.01,0.69527197,2.912017
CN(C(=O)C1c2ccccc2Sc2ccccc21)C(CN1CCC(O)C1)c1ccccc1,0.06,0.627114,3.3407266
Nn1cnnc1NN=Cc1ccccc1C(F)(F)F,0.0,0.5023203,2.7294471
Cc1n[nH]c(C)c1CCSc1ccc(C(=O)Nc2ccc(F)cc2)cn1,0.0,0.63970804,2.3443608
CCOc1nc(CC)nc(NC(=O)NS(=O)(=O)c2ccccc2Cl)n1,0.0,0.7787637,2.4602466
COc1ccc(OC)c(C=NNC(=O)C(O)c2ccccc2)c1,0.0,0.63011366,2.4467654
Cc1ccc(Cl)c(Nc2ccccc2C(=O)[O-])c1Cl,0.0,0.94371146,2.4552648
COc1cc(C=O)cc(C=NN=Cc2ccccc2O)c1O,0.0,0.50339067,2.6704543
CCOC(=O)c1c(C#N)c(SCC(=O)Nc2ccc(OC)cc2)nc2c1CN(CC)CC2,0.0,0.47879145,2.5176218
COc1ccc(N2C(=O)C(C(=O)Cc3ccccc3)(c3ccccc3)C2c2ccccc2)cc1,0.0,0.27632782,3.077647
CC(=O)Nc1ccc(C(=O)N2N=C(C)C(=Cc3cccc(O)c3)C2=O)cc1,0.0,0.6469114,2.404563
Oc1ccc(-c2ccc(Oc3cccc(O)c3)cn2)cc1,0.0,0.76159596,1.9268593
Cc1n(CC(O)c2ccc(NS(C)(=O)=O)cc2)cc[n+]1C,0.0,0.79942065,3.159865
CC(C)(C)n1nc(-c2ccc3ccccc3n2)c(C(N)=O)c1N,0.0,0.75933456,2.4910607
CCOc1cc2[nH]c(-c3n[nH]cc3NC(=O)N(CC)CC)nc2cc1F,0.02,0.6275048,2.942522
Clc1ccc(SCCN2CCNCC2)cc1,0.0,0.8329421,2.0477996
Clc1ccc(C(c2c[nH]cc2-c2ccccc2Cl)n2ccnc2)cc1,0.01,0.4836285,2.9868622
Cc1cc(N(C)C)nc(Nc2ccc(NC(=O)c3ccccc3Cl)cc2)n1,0.0,0.6804755,2.0501149
CC(=O)OC1CC2(O)CCC34OC(=O)CC3OC(C)(C)C4CC2C23OC2CC(C(C)C2CC=C(C)C(=O)O2)C13C,0.02,0.315617,6.6205697
CCOC(=O)C1CCN(C(=O)COC(=O)c2oc3ccccc3c2C)CC1,0.0,0.74926376,2.1622977
O=C1c2ccccc2C2(c3ccccc3)SCCCN12,0.01,0.797353,2.8958938
N#CC(Cc1ccc(C2CCCN(C3CCOC3)C2)cc1F)NC(=O)C1NC2CCC1C2,0.08,0.71081275,5.1123023
NC(Cc1ccc(OCc2ccccc2)cc1)C(O)C(=O)OCc1ccccc1,0.0,0.5474464,2.6742296
CN(C)c1n[nH]cc1-c1cc(Cl)ccc1Oc1cc(F)c(S(=O)(=O)Nc2nncs2)cc1Cl,0.0,0.34523264,3.1428008
CC(NC(=O)c1ccc(Cl)cc1)c1nnc(SCC(N)=O)n1C,0.0,0.76656264,2.5519023
Cc1cnn(C2CN(c3nc(C)cc(N(C)C)n3)C2)c1,0.01,0.8454695,2.7637348
CCOC(=O)C(C#N)=CC(C(=N)N1CCN(c2ccc(Cl)cc2)CC1)=C(O)OCC,0.01,0.12931123,2.9012797
COc1ccc(C2=Nc3c(C(C)(C)C)nn(CCCO)c3C(=O)NC2)cc1-c1ccc(F)cc1F,0.04,0.5458276,3.0619779
CC(=O)N1CCN(CCOc2ccc(NC(=O)c3cccc(C(F)(F)F)c3)cc2-c2ccnn2C)CC1,0.07,0.51651746,2.489443
CC1=CC(=NNc2ccccc2[N+](=O)[O-])CC(C)(C)C1,0.0,0.6647191,2.6778963
CN1CCN(C(=O)C=Cc2cc3c(c(C(F)(F)F)c2)OCO3)CC1,0.01,0.77322185,2.5814545
Cc1ccc(C(O)c2nc(-c3ccccc3)c[nH]2)c(C)c1,0.0,0.7657545,2.853729
CNC(=O)c1nccnc1NCC(=O)N1CCC(C(=O)c2ccccc2)CC1,0.0,0.73262,2.345661
c1ccc2c(CSCc3cccc4ccccc34)cccc2c1,0.0,0.41824022,1.7557774
CCN(CC)c1cccc(-c2cccc(NC(=O)Nc3ccc(Cl)cc3)c2)n1,0.0,0.54741806,2.080611
CC1CN(C(=O)C2CN(c3cnccn3)CC2c2ccc(F)cc2F)CC(C)C1(O)c1ccccc1,0.01,0.59689987,3.9794884
CCOC(=O)NC(=O)C(C#N)=CNc1ccc(Cl)cc1Cl,0.0,0.6545456,2.4927764
Cn1c(N)nc(C2CC2c2cccc(C#Cc3ccccc3)c2)cc1=O,0.04,0.7289688,3.3574603
Cc1ccc(CN(CCN(C)C)C(=O)Nc2ccc(C)c(C#N)c2)s1,0.0,0.8555327,2.4446285
COc1ccc(C)cc1NC(=O)CNC(C)C(=O)Nc1cc(Cl)ccc1Cl,0.0,0.647764,2.407691
Cn1cc(C(=O)O)c(=O)c2cc(N)c(N3CCN(c4ccccc4F)CC3)cc21,0.0,0.66030115,2.3547213
O=C(Cc1ccccc1)NNC1CC(=O)N(c2ccc(Br)cc2)C1=O,0.0,0.59218013,2.5892627
Cc1ccc(CNS(=O)(=O)c2cc(Br)cc3c2N(C(=O)C2CC2)CC3)cc1,0.0,0.7597703,2.3740644
O=c1c2cc([N+](=O)[O-])ccc2n2n1Cc1ccccc1CC2,0.04,0.51073045,2.6387014
CCC(=O)Nc1cccc2c1C(=O)N(C)C2=O,0.0,0.78045917,2.0437357
Cc1ccc2nc(CN3CCN(C(=O)CC(c4ccccc4)c4ccc(F)cc4)CC3)oc2c1,0.0,0.40224633,2.7442548
CN1C(=O)C23CC4(C56CC78SC(CO)(C(=O)N7C5Nc5ccccc56)N(C)C8=O)c5ccccc5NC4N2C(=O)C1(CO)S3,0.0,0.36607537,7.392484
Cc1ccc(C)c(OCCNc2ccc([N+](=O)[O-])cn2)c1,0.0,0.5015869,2.0877824
Cc1ccc2c(=O)c(C(=O)c3ccc(F)cc3)cn(CC(=O)NCCc3ccccc3)c2n1,0.0,0.44395092,2.2409549
O=C(C1CCCN(S(=O)(=O)c2cccc3nonc23)C1)N1CCC(Cc2ccccc2)CC1,0.0,0.57088673,2.8963773
CC1(C)Oc2ccc(C(=O)Nc3ccccc3)cc2C(N=C(NC#N)Nc2ccc(Cl)cc2)C1O,0.01,0.18237165,3.3990777
COc1cc2c(c(OC)c1OC)C(c1cccc(Br)c(=O)c1)CC2,0.06,0.7929633,3.0595005
CCOCCCNC(=O)c1ccc(CS(=O)(=O)Cc2ccc(C)cc2)o1,0.0,0.64170986,2.2755718
CC1=NN(c2cccc(Cl)c2)C(=Nc2nc3ccccc3s2)C1=Cc1cccs1,0.0,0.3472376,2.9021366
CCC(CC)C(=O)Nc1cc(NC(=O)C(NC(=O)C=Cc2ccc(O)c(O)c2)C(C)C)ccc1OCC(=O)O,0.01,0.16425177,3.0732732
CC(CC(C)C)=NNc1nc(-c2ccc(Cl)cc2Cl)cs1,0.0,0.53831524,2.457954
CCOC(=O)C=C(C)C=CC=C(C)C=Cc1c(Cl)cc(OC)c(C)c1Cl,0.01,0.30721712,3.0030687
CCN1C(=O)C2C(c3ccccc3F)NC(Cc3ccc(O)cc3)(C(=O)OC)C2C1=O,0.01,0.5606011,3.6469533
Oc1cc(Br)cc2cc(Br)cnc12,0.0,0.80820876,2.4631205
COc1ccc(Nc2ccnc(Nc3ccc(OC)cc3)n2)cc1,0.01,0.71525127,1.8508904
c1ccc(OCC23COCC2CN(c2ncccn2)C3)nc1,0.03,0.85020494,3.7200382
OC1C2COC1C(O)C(NCCc1ccccc1)C2,0.01,0.73235255,4.4108443
Cc1ccc(-c2ccc3c(c2)C=C(C(=O)Nc2ccc(C[N+](C)(C)C4CCSCC4)cc2)CCO3)cc1,0.01,0.3630014,2.9717033
COc1ccc(-c2nc(C[S+]([O-])CC(=O)N3CCN(C)CC3)c(C)o2)cc1,0.01,0.6971232,3.3306851
c1ccc2c(Cc3c[nH]c4ccccc34)c[nH]c2c1,0.0,0.52994114,1.9049664
CC(C)C(=O)N1CC2(CCN(CC(C)(C)C)CC2)C1,0.02,0.76684815,3.007248
Cn1c(=O)[nH]c(=O)c2c1nc(CN1CCN(c3ccc(F)cc3)CC1)n2CCc1ccccc1,0.02,0.47503668,2.367318
Cc1cc(C)cc(Oc2cc(Nc3ccc(C#N)cc3)[nH]c(=O)c2Cl)c1,0.0,0.6775038,2.5966659
COc1cc(C=Cc2ccnc3ccccc23)ccc1N(C)C,0.0,0.71035963,2.1909642
O=C(Nc1ccc2nc(SCc3ccccc3)sc2c1)c1cccc(F)c1,0.0,0.42345637,1.9416502
Fc1cnc(N2CCOC3C(OCC4CCOCC4)CCC32)nc1,0.05,0.8349606,3.949713
CCOC(=O)c1cccc(S(N)(=O)=O)c1,0.0,0.7649426,1.6412324
C=CCc1ccccc1OCCOc1ccc([N+](=O)[O-])cc1C=NNC(N)=O,0.0,0.21388018,2.4390688
CC(C)c1cccc(NCc2cncn2Cc2ccccc2)c1,0.0,0.71712893,2.0337918
OCc1ccc2nc3c(O)cccc3cc2c1,0.0,0.6257183,2.0590866
O=C(c1ccc(CN(Cc2ccc(F)cc2)S(=O)(=O)c2cc(Cl)cc(Cl)c2O)cc1)N(Cc1ccc(F)cc1)Cc1cc(Cl)cc(Cl)c1,0.0,0.14601578,2.7708416
Nc1nc(Cl)cc(Nc2ccc(Cl)c(Cl)c2)n1,0.0,0.82623035,2.1561267
Cc1noc(C)c1CN1CCC2(CC1)C(c1ccccc1)CC(=O)N2C,0.08,0.84970164,3.5978801
Cn1cncc1C(OCc1cc(C#N)ncc1-c1cccc(Cl)c1)c1ccc(C#N)cc1,0.02,0.41245395,3.3216286
CC(C)(C)c1cc(C(=O)N2CCc3ccccc3C2)ccc1O,0.0,0.86797684,2.0476131
CC1C=CC=C1C(=O)N1CCN(C(=O)NC2CCN(c3ccc(CCn4ccnn4)cc3)CC2)CC1,0.04,0.6738427,3.3833463
CC(C)CN1CC(C(=O)N(C)CCc2cn[nH]c2)CC1=O,0.02,0.84723794,3.1231408
CCN(CC)C(=O)Cc1c(-c2ccc(OCCCF)cc2)nn2c(C)cc(C)nc12,0.01,0.49528542,2.6523361
O=C(O)CNNc1cc(C=Cc2ccc(F)cc2)cc(NNCC(=O)O)c1,0.0,0.2757558,2.8066578
Fc1ccc(-c2noc(C3CCN(c4cnc5c(C(F)(F)F)cccc5c4)CC3)n2)c(Cl)c1,0.02,0.31667638,2.6561127
CC(C)(C)c1cc(CCNCc2cccc(NC(=N)c3cccs3)c2)cc(C(C)(C)C)c1O,0.05,0.1765294,2.7651684
Cc1cccc(C)c1NC(=O)C1CCCN1,0.0,0.79676753,2.4060116
Cc1cccn2c(=O)c(C=O)c(N3CC(C)OC(C)C3)nc12,0.0,0.78520995,3.3131804
COc1ccc(Cl)cc1S(=O)(=O)N1CCSc2ccc(C(=O)Nc3ccc(CC(=O)O)cc3)cc21,0.0,0.45936498,2.4347029
Cc1ccc(N)c(C)c1OC(C)C1=NCCN1,0.01,0.7804488,3.3592489
C=CCn1c(SCC(=O)Nc2cc(OC)c(NC(=O)c3ccco3)cc2OC)nnc1-c1ccncc1,0.0,0.22122319,2.572132
CCN1c2ncccc2-c2nc(C)cn2-c2cccnc21,0.0,0.6854042,2.7024868
CC(C)c1nc(C2CCCN2CCc2ccncc2)no1,0.02,0.8454809,2.9824998
Cc1noc(-c2cc3cc(-c4nc(C(=O)NC5CC5)[nH]c4C)ccc3[nH]2)n1,0.0,0.51621354,2.8367333
COCOC(C)C1C(=O)N2C(C(=O)OCc3ccc([N+](=O)[O-])cc3)=CSC12,0.0,0.21661513,3.8366559
Cc1ccc(NC(=O)c2cc(S(=O)(=O)N3CCOCC3)ccc2F)c(C)c1,0.0,0.86814487,1.9950011
CCOc1ccc2oc3cc(-c4nnn(CC)n4)ccc3c(=O)c2c1,0.01,0.5327629,2.3899934
O=C(O)Cn1c2ccc(F)cc2c2nc3n(c(=O)c21)CCS3,0.0,0.7273053,2.7547195
CC(C)C1CCC2C1(C)CC(=O)C1(C)CCC(C)(O)C3CC321,0.0,0.78784484,5.2943535
COCCNCC(O)COc1ccc(Cl)cc1,0.02,0.69162095,2.2814553
CCON=C(C(=O)NC1C(=O)N2C(C(=O)O)=C(CNC(=O)c3cc(O)c(O)c([N+](=O)[O-])c3)CSC12)c1csc(N)n1,0.02,0.068131685,4.0226884
COc1cccc(C=Cc2nc3ccccc3c(=O)n2-c2ccc(C)c(C)c2)c1OC,0.0,0.4526512,2.2829494
CC(S)C(=O)NC(C(=O)O)C(C)C,0.0,0.5864731,3.0598164
O=C(Nc1nncs1)c1ccccc1O,0.0,0.8053021,2.0444384
Cc1ccc(S(=O)(=O)NC(=O)COc2ccccc2C(N)=O)cc1,0.0,0.8071266,1.8975034
COc1ccc(CC(SCc2ccccc2)C(=O)O)cc1C(=O)NCc1ccc(C(F)(F)F)cc1,0.0,0.37825707,2.7593844
Cc1nc2ccc(S(=O)(=O)N(CC(=O)Nc3cccc(Cl)c3)Cc3ccccc3)cc2s1,0.0,0.39524055,2.1966453
Cc1ccc(Cc2nc3ccccc3nc2SCC(=O)N2CCN(c3ccc(F)cc3)CC2)cc1,0.0,0.35469607,2.3130438
Cc1ncc2c(c1CNC(=O)C1(c3ccc(F)cc3)CC1)CCNC2,0.04,0.899952,2.6476305
CCc1ccc2cc(F)cc(F)c2n1,0.0,0.6777878,2.1617718
Oc1c(OC2OCC(O)C(O)C2O)ccc2ccccc12,0.0,0.6378,3.375973
CCNc1nc2ccccc2n2c(C(F)(F)F)nnc12,0.0,0.78438425,2.451908
CC(C)N1CCN(Cc2cccs2)CC1CCO,0.02,0.88493526,2.884866
Cc1ccc(N(CC(=O)Nc2cccc(Cl)c2)S(=O)(=O)c2cccs2)cc1,0.0,0.635961,2.0759597
Cn1c2ccccc2c2c(NCCCNC(=O)Nc3ccccc3)nc3ccccc3c21,0.0,0.315741,2.25469
CC(=O)Nc1nc(-c2ccc(C(C)(C)C)cc2)nc2c1c(=O)oc1ccccc12,0.0,0.3993667,2.4025931
COc1ccccc1C=CC(=O)c1ccc(OCCn2cc(CN3C(=O)C=CC(C)(C)CC=C(C)CCC=C3C)nn2)cc1O,0.0,0.15098925,3.8594944
N=C(N)c1cccc(CC(NS(=O)(=O)c2ccc3ccccc3c2)C(=O)N2CCN(CCO)CC2)c1,0.03,0.25204718,2.8567543
COc1cc2ncnc(Nc3nccc4ccccc34)c2cc1OC,0.0,0.6103323,2.129683
O=C1C(=O)c2cccc3c2C(=C1Cl)OC=C3c1ccccc1,0.0,0.75303185,2.8019211
CN1CCN(C(=O)c2cn(Cc3cncn3Cc3ccc4c(c3)OCO4)cc2-c2cccc3ccccc23)CC1,0.05,0.31621063,2.7950153
CCOC(=O)c1c(C)[nH]c(C(=O)CN(C)CC(=O)Nc2ccccc2Cl)c1C,0.0,0.5193942,2.2577107
COCCn1cnc2ccc(NC(=O)c3ccc(OC)cc3)cc2c1=O,0.0,0.73523724,1.9351228
Cc1ccc2c(c1)C(=O)C(C#N)C2=O,0.0,0.57546496,3.006774
COC(=O)C1CCN(C(c2ccccc2Cl)c2sc3nc(-c4ccco4)nn3c2O)CC1,0.01,0.4305034,3.1378388
Cc1ccc(NC(=O)C2CCN(C(=O)c3cnn(-c4ccccc4)c3-n3cccc3)CC2)cc1,0.0,0.4848997,2.3012972
O=C1C(=Cc2ccc(O)c(O)c2)SC(=S)N1c1ccccc1,0.0,0.5015309,2.1455846
COc1cccc2c1nc1n2CCC(O)=C1C(=O)Nc1ccccc1F,0.0,0.7556125,2.5449917
CCOC(=O)C1C(=O)C=C(Nc2ccccc2N)CC1C,0.0,0.50473595,3.2811062
Cc1ccc(Cl)cc1N1CCN(C(=O)C2CCCN(Cc3nc(-c4cccc(Cl)c4)oc3C)C2)CC1,0.0,0.41836652,2.8860571
COc1ccccc1C(=O)Nc1ccccc1,0.0,0.87501943,1.2417369
CC(CCNC(=O)c1c(Cl)cncc1Cl)N1CCC(C(Oc2cccc(C(F)(F)F)n2)c2ccc(C(F)(F)F)cc2)CC1,0.01,0.23932886,3.8057675
O=C(NC1CCNCC1)c1ccc(-c2cnc3ccc(NCc4ccc(Cl)c(Cl)c4)nn23)cc1,0.01,0.35821474,2.555097
C=C(C)C1Cc2oc(cc2C=O)C2OC2(C)CC2C=C(C(=O)O2)C(OC(C)=O)C1,0.02,0.33260107,6.384416
c1ccc(N2CCC(NCc3cccc4cn[nH]c34)C2)cc1,0.06,0.7768459,2.6746361
COc1ccc(-c2nc(CN3CCC4(CC3)OCCO4)co2)cc1,0.14,0.8589847,2.8717778
COc1cc2c(cc1OC)C(c1ccc(C(F)(F)F)cc1)CC(=O)N2,0.0,0.9017012,2.674753
CSc1nc(CCO)cc(NCc2ccc(Cl)cc2Cl)n1,0.0,0.61877525,2.4276772
Cc1ccc2nc3n(c(=O)c2c1)-c1cc2ccccc2cc1C(=O)NC3Cc1ccccc1,0.0,0.43354034,2.9043908
Cc1cc2oc(=O)cc(-c3ccccc3)c2c(C)c1-c1ccc(F)c(Cl)c1,0.0,0.37072182,2.2919416
Oc1cc(C(F)(F)F)nc(SCC=Cc2ccccc2)n1,0.0,0.6843314,2.5634377
Cc1ccc(S(=O)(=O)Oc2ccc(C=C(NC(=O)c3ccccc3)C(=O)O)cc2)cc1,0.0,0.43158877,2.134154
O=C(CCl)Nc1ccc(C(=O)C=Cc2cccc(Cl)c2)cc1,0.01,0.4999746,1.9284703
CC(N)C(=O)NC(C(=O)N(C)C(C)C(=O)NC(Cc1ccccc1)C(=O)NC(Cc1ccc(O)cc1)C(=O)O)C(C)C,0.0,0.185874,3.7275841
CNc1ccc(CN2C(=O)C(=Nn3cnnc3)c3cc(C)ccc32)cc1,0.01,0.7871663,2.6843064
O=C(NCCO)c1ccccc1,0.0,0.6810989,1.3409244
O=C(Nc1ccccc1)c1cccc(NC(=O)c2ccco2)c1,0.0,0.77015746,1.6127158
O=C(Cn1c(S)nc(-c2ccccc2)c1-c1ccccc1)c1ccc(F)cc1,0.0,0.3604343,2.2266023
CC(=O)NC(C)Cc1ccc(C#Cc2ccc(C(=O)O)cc2)cc1,0.0,0.8510845,2.5129826
COc1ccc(CCC(=O)c2c(O)cc(O)cc2OC2OC(CO)C(O)C(O)C2O)cc1,0.0,0.30372566,3.7110686
Nc1ncc(-c2cnn(C3CCNCC3)c2)cc1-c1nc2ccc(O)c(-c3ccccc3)c2o1,0.03,0.36400783,2.9185655
CC(=O)C(C(=O)c1ccc(C)cc1)C1OC(C)(C)OC1C1COC(C)(C)O1,0.0,0.58101016,3.8974538
CC(C)c1ccccc1OCCN1CCC(NS(=O)(=O)c2cccs2)C1,0.98,0.7463018,2.7028568
CN(C)S(=O)(=O)c1ccc(NC(=O)CSc2nnc(O)n2C2CC2)cc1,0.0,0.67626286,2.4131265
CCNC(=O)c1ccc(Oc2ccc(Cc3nnn[nH]3)cc2)c(NS(=O)(=O)c2ccc(Cl)cc2Cl)c1,0.0,0.2816176,2.6242127
c1ccc(CSc2nnc(-c3ccccc3)s2)cc1,0.0,0.6597759,1.7719388
Fc1cccc2c1CN(NC1=NCCN1)C2,0.08,0.727964,3.033248
CCOC(=O)Cn1cccc1-c1nc(-c2ccc(OC)cc2)c(-c2ccc(OC)cc2)s1,0.0,0.33194986,2.3892577
Cn1ncc([N+](=O)[O-])c1C(=O)Nc1cccc(Cl)c1,0.0,0.68935776,2.123599
CC(C)CC(NC(=O)N1CCOCC1)C(=O)NC(C=C1CCCN(Cc2ccccc2)S1(=O)=O)Cc1ccccc1,0.01,0.4445342,3.6667619
O=C(NCCC1CCCO1)c1ccccc1N1CCOCC1,0.0,0.9013961,2.4878888
CC(=O)OCC1CCN(CCF)CC1,0.09,0.6435692,2.2622592
CCOC(=O)C12C(=O)OCC=C1COC2c1cccs1,0.0,0.48351774,4.037044
Cn1cc(C(=O)Nc2ccc(Cl)cc2Cl)c(Oc2cccc(C(F)(F)F)c2)n1,0.0,0.5702757,2.3280778
CC(C)Nc1nc(-c2ccc3c(c2)OC(C)(C)C(=O)N3)cc2ncn(C)c(=O)c12,0.01,0.7100004,2.9187756
CC(C)C(O)CCC(C)C1CCC2C3CC=C4CC(O)CCC4(C)C3CCC12C,0.01,0.5252921,4.3760314
COC(=O)C1CN(C(=O)Cc2ccccc2)C(=O)N1,0.0,0.7960401,2.773334
Cn1c(C(=O)O)cc2cc(O)c(O)cc21,0.01,0.6150706,2.4020128
CC(C)(C)NCc1c(Nc2ccnc3ccc(Cl)cc23)cc(O)cc1-c1ccc(Cl)cc1,0.0,0.28434253,2.5647233
C(=Cc1nc(-c2ccccc2)nc2c1ncn2Cc1ccccc1)c1ccccc1,0.0,0.38714513,2.2541695
O=C(Cn1cnc2c(oc3ccccc32)c1=O)NCC1CCCO1,0.0,0.7833908,2.7567077
O=C(O)c1ccc(Oc2ccccc2C(F)(F)F)cc1NS(=O)(=O)c1ccc(Br)s1,0.0,0.42583138,2.4037805
COc1ccc(S(=O)(=O)c2c(Nc3cccc(C)c3C)sc(C(=O)c3ccccc3)c2N)cc1,0.0,0.31821084,2.3964076
Nc1nc2nc(C3CCCN(C(=O)c4cncs4)C3)ccc2s1,0.0,0.7717557,3.4094963
CCC(=O)N1CCC(n2cc(-c3noc(-c4ccc(Cl)cc4)n3)nn2)CC1,0.0,0.6833812,2.4973733
Nc1nc2c(cnn2CCN2CCC3(CC2)OCCO3)c2nn(Cc3cccc(Cl)c3)c(=O)n12,0.13,0.45093971,3.4627583
COc1cc(C)nc2ccc(NC(=O)c3cc([N+](=O)[O-])cc([N+](=O)[O-])c3)cc12,0.0,0.5251418,2.2447743
CC(=O)N(CCC1CCN(Cc2ccccc2)CC1)c1cccc(F)c1,0.03,0.7634688,2.0920215
CCOCC12COCC1CN(Cc1cccc(OC)c1)C2,0.04,0.80366224,3.444838
Cc1ccc(S(=O)(=O)N2CCC(C(=O)Nc3ccccc3C)CC2)c(C)c1,0.0,0.87213355,1.9146048
CCc1ccc(CNCc2cccs2)cc1,0.0,0.82875854,1.7315681
CCC1(c2cccc(N=[N+]=[N-])c2)Oc2ccccc2-n2cccc2C1=O,0.04,0.36692077,3.4934766
N#Cc1cn2c(n1)COc1ccccc1-2,0.01,0.64461607,2.8010674
Cc1[nH]n(C)c(=O)c1C(=NC(=O)C(Cl)Cl)c1cccc(Cl)c1,0.0,0.6753695,3.1551375
COC(=O)COc1cccc2c(=O)n(CC(=O)NCCc3ccccc3)ccc12,0.0,0.5900622,2.0817788
CN1CCN(Cc2cc3ccccc3[nH]2)CC1,0.21,0.84961706,1.9816829
COc1ccc2cc(C(=O)N3CC4(CCN(C5CCNC5)C4)c4ccccc43)[nH]c2c1,0.04,0.6887579,3.9325604
COc1cc(OC)cc(-c2sc3ccc(OC)cc3c2-c2ccc3cc[nH]c3c2)c1,0.02,0.345513,2.4945621
CC1(C)CC(c2c[nH]c3ccccc23)=CC2=Nc3ccccc3C21O,0.03,0.65182203,3.4923465
CCCOc1ccc(F)cc1-c1cc(C(=O)Nc2ccc(OC)c(OC)c2)[nH]n1,0.0,0.59072304,2.184255
N=C(NN=Cc1ccccc1S(=O)(=O)O)C(=N)NN=Cc1ccccc1S(=O)(=O)O,0.0,0.158591,3.1616192
Cc1ccc2c(c1)CCN(C)c1cccc(Cl)c1O2,0.08,0.7038599,2.2787285
C=C(C)C1CCC2(C(=O)OCOCCOC)CCC3(C)C(CCC4C5(C)CCC(O)C(C)(C)C5CCC43C)C12,0.0,0.15930472,4.887691
Cc1ccccc1OCC(=O)NNC(=O)CCc1ccccc1,0.0,0.80325735,1.7028748
Cc1cccc(NC(=O)CC(C)(C)C)c1,0.0,0.78762066,1.6768239
CS(=O)(=O)N1CCc2c(c(-c3ccc(Br)cc3)nn2CC(O)CN2CCC(N3C(=O)COc4cccnc43)CC2)C1,0.13,0.41590324,3.5656662
COc1c(F)cc(-c2cc(OCC3CNC(=O)O3)c3cccnc3c2)cc1F,0.01,0.72456414,3.1023793
COc1cc2nncc(-c3cnc(N4CCC(C(C)(C)O)CC4)c(C)c3)c2cc1N(C)C,0.03,0.64762497,2.9630368
Cc1ccccc1NC(=O)CSc1nnc(NC(=O)c2ccco2)s1,0.0,0.5067775,2.0728128
O=CC(=NNc1ccccc1)C(=O)c1ccc(Cl)cc1,0.0,0.30184704,2.2163086
Oc1c2nc3ccccc3c-2ncn1CCN1CCOCC1,0.0,0.7950612,2.5417898
CCOc1ccc(C2N(c3cc(C)on3)C(=O)C3CCCN32)cc1OC,0.0,0.8195921,3.2803266
CS(=O)(=O)c1ccc(C(=O)Nc2ccc(-c3nc4ccccc4[nH]3)cc2)cc1,0.0,0.55208,1.8960574
Cc1nonc1NCn1nnc2ccccc21,0.0,0.7274362,2.6687567
C=CCOC(=O)Nc1ccc2c(c1)Oc1cc(NC(=O)OCC=C)ccc1C21OC(=O)c2ccccc21,0.0,0.25378808,3.3112552
COC(=O)C1C(C=O)=Cc2cc3c(cc2C1c1cc(OC)c(OC)c(OC)c1)OCO3,0.0,0.5145841,3.5183263
COc1ccc(NC(=O)N(C)CC2Oc3ccc(NC(=O)Nc4c(C)noc4C)cc3C(=O)N(C(C)CO)CC2C)cc1,0.02,0.300069,3.705255
O=C(Nc1nccs1)c1cc(-c2ccccc2)nc2ccccc12,0.0,0.59622663,1.8768978
O=CNC(Cc1c[nH]c2ccccc12)NC(=O)C(Cc1c[nH]c2ccccc12)NS(=O)(=O)c1ccccc1,0.01,0.13275309,3.364299
CN(C)CCOC1CCC2C1OCCN2C(=O)COc1ccccc1,0.0,0.74557424,3.4306343
Cc1ccc(C(=O)O)cc1-c1cccc2c1CCNC2,0.03,0.8790449,2.174656
N#Cc1c(Nc2ccccc2C(F)(F)F)nc(SCc2ccc(Cl)cc2)nc1-c1ccccc1,0.0,0.2184949,2.4303763
CCOc1cc(C2CC(=O)NC3=C2C(=O)CC(c2ccc(OC)cc2)C3)cc(Cl)c1O,0.0,0.7152505,3.2604678
O=C(CCNS(=O)(=O)c1cccc2nsnc12)N1CCN(c2ccnc(F)c2)CC1,0.01,0.5630879,2.6441221
Cc1ccc(-c2nnn(CC(=O)NC3CCN(Cc4ccccc4)CC3)n2)cc1,0.0,0.6996064,2.0976424
COC(=O)c1cnn(C)c1NC(=O)Nc1ccc(Cl)c(Cl)c1,0.0,0.8386316,2.1584356
O=C(O)c1cc(OCC(COS(=O)(=O)O)OS(=O)(=O)O)ccc1OCC(COS(=O)(=O)O)OS(=O)(=O)O,0.02,0.11907175,3.9577472
CCN(C(=O)N(CC)c1ccccc1)c1ccccc1,0.0,0.81639564,1.9629627
O=C(Nc1ccccc1)Nc1cccn2c(=O)cc(N3CCOCC3)nc12,0.0,0.7427403,2.2564137
CCNc1ccccc1CN,0.0,0.686127,1.8078207
Cn1c(=O)c2sccc2n(Cc2ccc(Br)cc2)c1=O,0.0,0.7123934,2.1418135
CC1(C)CCC(C)(C)c2cc(C=Cc3ccc(N)cc3)ccc21,0.0,0.55142033,2.4026608
COc1ccc(-c2cc(C3CCNCC3)nc(C)n2)cc1,0.0,0.94056046,2.2077024
Cc1nn2cc(-c3ccc(OC(C)C)cc3)nc2s1,0.0,0.73225737,2.3118489
CCc1ccc(C=NNC(=S)NCCc2ccccc2)cc1,0.0,0.4881529,1.8930357
CN(C)C(=O)C1SCCN1C(=O)CC(N)Cc1cc(F)c(F)cc1F,0.0,0.78942174,3.59895
CCCn1nc([N+](=O)[O-])c(C(C#N)c2nc3ccccc3o2)c(Cl)c1=O,0.0,0.49614885,3.502375
CC(NC(=O)C(N)Cc1ccc(O)cc1)C(=O)NC(Cc1ccccc1)C(=O)NCC(=O)NC12CC3CC(CC(C3)C1)C2,0.0,0.2207818,4.618808
COc1ccc(Nc2ccc3c(c2)C(=CNc2ccc(CN(C)C)cc2)C(=O)NC3=O)cc1,0.01,0.37539938,2.3823667
CC(C)c1ncc(S(=O)(=O)c2ccc(C(F)(F)F)cn2)c(N)n1,0.0,0.91627526,2.7296221
CON=Cc1c(N)ncnc1Oc1ccc2[nH]ccc2c1,0.0,0.5652091,2.798016
Cc1cc(C)c(NC(=O)c2ccc3nc(Nc4ccncn4)sc3c2)c(C)c1,0.0,0.5129271,2.3426945
COc1ccc(N(C(=O)C(C)CS)C(C)C(=O)O)cc1OC,0.0,0.749976,3.1730907
CCN(CC)CCCNC(=O)c1ccc(Cn2c(=O)[nH]c3cc(OC)c(OC)cc3c2=O)cc1,0.0,0.41824207,2.32597
Cc1c(C#N)cc(C(=O)N(C)CC(CCN2CCC(c3ccccc3[S+](C)[O-])CC2)c2ccc(Cl)c(Cl)c2)c2ccccc12,0.17,0.17207772,3.983338
C=C(C)C1CCC2(C(=O)NC(CO)(CO)CO)CCC3(C)C(CCC4C5(C)CCC(OC(C)=O)C(C)(C)C5CCC43C)C12,0.0,0.22922508,5.0860424
COc1ccc(N(CC(=O)N2CCOCC2)S(C)(=O)=O)c(OC)c1,0.0,0.7284628,2.1923656
COc1ccc(NC(=O)C2CC(=O)N(c3ccccc3C)C2)c(OC)c1,0.0,0.8962247,2.3533754
C[n+]1cccc(C#Cc2cn(C3OC(CO)C(O)C(O)C3O)c(=O)[nH]c2=O)c1,0.02,0.26684332,4.281203
CC(C)CC(=O)Nc1ccc(-c2nc3cc(Cl)ccc3o2)cc1,0.0,0.72166103,1.9364612
O=C(O)c1ccc(-c2nnc(-c3ccccc3)o2)cc1,0.0,0.787799,1.6844875
Nc1nc(NN=Cc2cccc(F)c2)nc2c1ncn2C1OC(CO)C(O)C1O,0.0,0.28166574,3.7376895
N#Cc1cc([N+](=O)[O-])ccc1-n1nc(-c2cccc(Cl)c2)n(Cc2ccco2)c1=S,0.0,0.24294463,2.7653046
CNC(=O)CN1CCC(NC(=O)N(C)Cc2c(C)noc2C)CC1,0.0,0.8228999,2.4256356
NS(=O)(=O)N1CCC(C(=O)Nc2cccc(OC(F)F)c2)CC1,0.0,0.83212495,2.1731267
O=C(O)Cn1ccc(=O)n(Cc2nc3cc(Cl)ccc3s2)c1=O,0.01,0.76648945,2.510929
Cc1cc(C)cc(OCC(O)CNC(C)C)c1,0.0,0.7953007,2.474471
CCN1CCN(c2ccc(F)cc2C(C)NCc2ccnn2C)CC1,0.1,0.87291104,2.8245459
O=C(CC1(O)CCC1)NC1CCC(CCN2CCC(c3cccc4c3OCO4)CC2)CC1,0.3,0.6687715,2.7720327
Cc1ccc(NC2CCN(C(=O)c3ccc(Cl)cc3)c3ccccc32)cc1,0.02,0.62118924,2.4400313
Nc1nc(N)c2c(n1)N(c1ccc(Cl)c(Cl)c1)c1ccc(Cl)cc1S2(=O)=O,0.04,0.45325375,2.9047582
COc1ccc(N)c([N+](=O)[O-])c1[N+](=O)[O-],0.0,0.45520216,2.4046845
CON=C(c1cc(C)on1)c1ccccc1COc1cc(C)ccc1C,0.0,0.4822975,2.501249
CC1(c2ccccc2)CCC(=O)N(CCN2CCOC2=O)C1,0.02,0.85475683,3.045688
O=C(C1CC1)N1CCN=C1SCc1cccc(C(F)(F)F)c1,0.0,0.8499659,2.4965935
CCN(CC)CC#CCOc1ccc(S(=O)(=O)N(C)c2c(C)cc(Br)cc2C(=O)NO)cc1,0.0,0.2885583,2.9098196
CC(=O)c1cc(F)c(Br)cc1NCC(=O)Nc1ccccc1C(=O)O,0.0,0.6348312,2.1429963
COc1ccc2nc(Cl)cc(Cl)c2c1,0.0,0.69597816,1.9508771
Cc1nc(Nc2cccc(CS(C)(=O)=O)c2)cc(Oc2ccc(NC(=O)C3(C(=O)Nc4ccc(F)cc4)CC3)cc2F)n1,0.0,0.20094052,2.8507419
CCc1c(-c2ccc(OC(C)=O)cc2)n(CC)c2ccc(OC(C)=O)cc12,0.0,0.48392302,2.312772
CC(c1ccc2c(c1)Cc1cc(F)ccc1-2)n1ccnc1,0.02,0.53701895,2.9086225
CCC(=O)Nc1ccc2cc3ccc(NC(=O)CC)cc3nc2c1,0.0,0.7111307,2.0092618
Cn1c(-c2ccco2)nc2cc3ccccc3cc21,0.0,0.5097359,2.145137
Nc1nc2ccccc2n1N=Cc1ccc(Br)cc1,0.0,0.7380215,2.287844
Cc1ccc(N2C(=O)C3C(C2=O)C2C=CC3C23CC3)c([N+](=O)[O-])c1,0.0,0.3623425,4.894384
COCCCNc1oc(-c2ccccc2F)nc1C#N,0.0,0.8206774,2.3706348
O=[N+]([O-])c1ccc(CCN2CCN(CCc3ccc4nonc4c3)CC2)cc1,0.15,0.45886812,2.300687
c1ccn(Nc2ccc(Nn3cccc3)cc2)c1,0.0,0.73220545,2.743258
O=C(Cn1c(=O)n(Cc2ccco2)c(=O)c2cccnc21)Nc1ccccc1F,0.0,0.5580524,2.2404673
S=C(Nc1ccccc1)Nc1ccc(OCc2ccccc2)cc1,0.0,0.63797385,1.5442274
CCN1CC2(COC(=O)c3ccccc3NC(=O)CCC(N)=O)CCC(OC)C34C5CC6C(OC)CC(O)(C5C6OC)C(O)(C(OC)C23)C14,0.04,0.23349103,7.080956
CC(=O)C1C(c2cccc(F)c2)NC(=O)NC1(O)C(F)(F)F,0.0,0.7249524,3.5662844
CC(N)(CCC(=O)O)C(=O)O,0.0,0.52294856,2.7929804
O=C(Nc1cccc(C(F)(F)F)c1)OC1CN2CCC1CC2,0.0,0.91003096,3.4475558
CCN1CCC(n2cc(-c3nnc(-c4ccccc4)o3)nn2)CC1,0.21,0.73442745,2.4098616
CCN1CCN(C(=O)c2ccccc2NS(=O)(=O)c2ccc(Cl)cc2)CC1,0.0,0.8268583,1.8908677
COCc1cc(NC(=O)c2ccco2)cc(C2(C)CCSC(N)=N2)c1,0.0,0.854374,3.2177513
O=[N+]([O-])c1ccc(Cn2cc[nH]c2=S)cc1,0.0,0.50474274,2.3546255
CCc1ncnc(-c2ccc(C(=O)N3CCC(N(C)C)C3)c(F)c2)c1C#Cc1ccc(N)nc1,0.04,0.60502386,3.3214443
CCc1ccccc1N1CC23C=CC(O2)C(C(=O)OC)C3C1=O,0.0,0.6295518,4.763387
COC(=O)C1Cc2c([nH]c3ccccc23)C(c2ccc(Cl)c(Cl)c2)N1,0.01,0.6587463,3.09774
COC(=O)c1c(OC(C)=O)c2ccccc2c2oc3c(c12)C(=O)c1ccccc1C3=O,0.0,0.3169925,2.6310225
CNC1(COc2cnc(Cl)c(Br)c2)CC1,0.03,0.8660743,2.9842145
Nc1ccccc1NC(=O)c1ccc(CNc2ncccn2)cc1,0.0,0.62877345,1.8881247
CCc1ccc(OC(C)CCOc2ccc(CCC(=O)O)c(C)c2)c(-c2nccs2)c1,0.0,0.40068787,2.9657528
COCCn1nc(-c2ccccc2)nc1CCNC(=O)c1c(C(=O)N2CCC2)cnn1C,0.0,0.5380755,2.5709555
CNCCCON=C1CCC2(C)C(C1)C(C(=O)OC)CC1C3CCC(=O)C3(C)CCC12,0.0,0.3902494,4.596378
CCC(=O)Nc1ccc(NC(=O)c2oc3ccccc3c2C)cc1,0.0,0.75021976,1.8357064
COc1cc(O)cc2cc(-c3ccc(O)c(F)c3)oc12,0.0,0.7482213,2.3394032
CC(=O)N(C)CCn1ccc2cc(C(=O)N3CCC(N4C(=O)OCc5ccccc54)CC3)ccc21,0.02,0.5625295,2.7151787
Cc1ccc(-c2nn(Cc3ccccc3)cc2C(=O)NCC2CCCO2)cc1,0.0,0.71263975,2.5178852
CCOC1(CCN(C)C)c2ccccc2CCc2ccccc21,0.05,0.82700866,2.5449517
COC1N(C2CC(O)C(CO)O2)C(=O)NC(=O)C1(F)Br,0.03,0.5618295,4.605201
COC(=O)c1nnn(-c2nonc2N)c1CSc1nnc(C)s1,0.0,0.50311244,2.9020324
CC1(C)CCC2(C(=O)O)CCC3(C)C(=CCC4C5(C)CCC(OC(=O)NCc6ccccc6)C(C)(C)C5CCC43C)C2C1,0.0,0.3434319,4.6080337
N#CC(c1cccnc1)N1CCN(C(=O)CC(c2ccccc2)c2ccccc2)CC1,0.01,0.6160061,2.7698574
COc1ccc(C(O)=CC(=O)c2nnn(Cc3ccc(F)cc3)c2C)cc1,0.01,0.40944463,2.3463879
CCOC(=O)c1c(CCl)nc2ccccc2c1-c1ccccc1,0.0,0.5098098,2.0247893
COC(=O)c1cc(NC(=O)c2cnc3c(n2)C(C)(C)CCC3(C)C)cc(C(=O)OC)c1,0.0,0.74507105,2.7765822
O=c1c2oc3ccc(O)cc3c2oc2cc(O)cc(O)c12,0.0,0.45840374,2.7593443
Cc1ccc(C(=O)Nc2cc(C(C)(C)C)on2)cc1Nc1ncnc2cnc(N3CC(C)OC(C)C3)nc12,0.0,0.38711458,3.6437185
O=C(NC1CCCc2c1cnn2-c1ccc(F)cc1F)c1ccc(C2(C(F)(F)F)N=N2)cc1,0.01,0.5469358,3.270844
CC(C)NC(=O)c1cc(C=Cc2ccc(Cl)c(F)c2)ccc1-c1ccc(Cl)cc1,0.0,0.4313901,2.189564
Fc1cccc(-c2c(-c3ccccc3)ncc3cc(F)ccc23)c1,0.01,0.4519247,2.005892
CC(C)(C)c1ccc(-c2nc3ccc(C(C)(C)C)cc3c(=O)o2)cc1,0.0,0.59366405,2.1715193
CN=C1SC(CC(=O)Nc2ccc(F)cc2F)C(=O)N1N=C(C)c1cccc(OCC(=O)O)c1,0.0,0.54887366,3.2512457
COc1ccc2c(c1)C(N)=C(c1ccccc1)C2=O,0.0,0.892422,2.016113
CC1CCC2C(C)C(=O)OC3OC(C)OOC32C1,0.01,0.48991534,5.352622
CC(Nc1ncc(C#N)c(N2CCc3ccccc3C2)n1)c1ccccc1,0.05,0.76368815,2.7786252
COc1ccc(NC(C)=O)cc1NC(=O)CN1CCN(CC(=O)Nc2ccc(Cl)cc2)CC1,0.0,0.54406184,1.9863051
CCN(CC)C1CCC(NC(=O)CNC(=O)c2cccc(C(F)(F)F)c2)C(CS(=O)(=O)c2ccc(SC)cc2)C1,0.01,0.366157,3.7163553
CN(C)C=Nc1ccc(Cl)c(Cl)c1,0.0,0.54811025,2.4104214
CSc1ccc(C=C(C(=O)c2ccc(Cl)cc2)S(=O)(=O)Cc2ccc(Cl)cc2)cc1,0.0,0.21991423,2.4265168
O=C(C=Cc1ccccc1)NN=Cc1ccccc1Cl,0.0,0.52099025,1.997007
Cc1cc(F)ccc1-c1cc(C(=O)Nc2ccccc2)[nH]n1,0.0,0.7723119,1.9350684
CSc1ccccc1C(=O)N(CC1CCC1)C1CCNC1,0.04,0.84880686,2.849439
CC(C)CCN(CCC1CCC(NC(=O)c2ccc3ccccc3c2)CC1)C1CCc2nc(N)sc2C1,0.12,0.34085712,3.2378705
CCOc1ccc(-c2nn(-c3ccccc3)cc2C2=NOC3C(=O)N(c4ccccc4)C(=O)C23)cc1,0.0,0.3873242,3.2739668
O=C(NC1CCC(F)(F)C1)NC(Cc1ccccc1)(c1cc(F)cc(OC(F)(F)C(F)F)c1)c1ccc(Cl)cn1,0.0,0.26218238,3.8904762
c1cncc(CN(Cc2cccnc2)Cc2coc(-c3cccc4ccccc34)n2)c1,0.01,0.3578185,2.3864229
CN(Cc1ccc2nc(N)nc(N)c2n1)c1cccc2ccccc12,0.01,0.59958875,2.3971608
CCn1cc(C(=O)O)c(=O)c2c(N)c(F)c(N3CC(N)C3)c(F)c21,0.02,0.7108564,2.862455
Cc1cc(-c2ccc3nc(C(=O)O)ccc3c2)ccc1OCc1c(-c2c(Cl)cccc2Cl)noc1C(C)C,0.01,0.21972041,2.6963832
COc1ccc(C=NNS(C)(=O)=O)c(OC)c1,0.0,0.6190478,2.20877
CCCOc1cc(CC(=O)NCc2ccco2)ccc1OC,0.0,0.81425846,1.9025563
c1ccc(CCn2cc[n+](CCc3ccccc3)c2)cc1,0.02,0.6115582,2.2299712
COC(=O)c1[nH]c2c(O)cc3c(c2c1C(=O)OC)C(CCl)CN3C(=O)c1cc2cc(OC)ccc2[nH]1,0.0,0.27290443,3.5293849
COc1cc(C=C2SC(=S)N(C(C(=O)O)c3ccccc3)C2=O)ccc1O,0.0,0.58623624,2.741978
CCN(CC)S(=O)(=O)c1ccc(CNc2cc(C)nc(C)n2)cc1,0.0,0.8325534,2.1731174
COCCn1cnc(-c2ccnc(Nc3cc(Cl)c4[nH]c(C(=O)N(C)C)cc4c3)n2)c1,0.0,0.45623925,2.9401116
COC(=O)c1[nH]c2c(O)cc(NC(=O)c3cc4cc(OC)c(OC)c(OC)c4[nH]3)c(CCCl)c2c1C(=O)OC,0.0,0.17539786,3.221451
CC(C)CCNC(C)C1CCC2C3CCC4CC(O)CCC4(C)C3CCC12C,0.02,0.6014189,4.2884264
c1csc(-c2cc(-c3ccncc3)nc(N3CCOCC3)n2)c1,0.0,0.74080724,2.2871652
O=c1c(-n2ccnn2)c[nH]n1-c1cc(N2CCOCC2)ncn1,0.0,0.6858155,3.0100887
NC1CCCc2ccccc2C1O,0.0,0.5880577,2.7743561
CCOC(=O)Cc1nnc(NC(=O)C(CC)Sc2nc(C)cc(O)n2)s1,0.0,0.39010918,3.1775305
O=C(Nc1cccc(Cl)c1)OC#CCl,0.0,0.75258833,2.8183918
Cc1ccc(C(=O)Nc2nc(-c3ccccc3)c(C(=O)c3ccccc3)s2)cc1,0.0,0.44512773,1.9008924
CC1=C2C3OC(=O)C(C)C3CCC(C)(O)C2C2C3CC4(C)OC5(C)CCC6C(C)C(=O)OC6C4(C12)C35,0.01,0.40266147,7.100825
Cc1cc(C(C)C)ccc1CCOc1ccc(CC(Nc2ccccc2C(=O)c2ccccc2)C(=O)O)cc1,0.0,0.19491805,2.759168
Cc1ccc(Cn2c(=O)n(-c3ccc(C)c(C)c3)c(=O)c3c(C)c(C)sc32)cc1,0.0,0.49206814,2.290103
CCOC(=O)CN(C(=O)CSc1nnc(COc2ccc(OC)cc2)n1C)c1ccccc1,0.0,0.31165072,2.3153822
Cc1ccc(NC(=O)c2ccc(C(=O)c3ccccc3)cc2)nc1,0.0,0.7432598,1.7038422
CC(C)(C)n1ncc2c(=O)n(Cc3ccccc3CS(=O)(=O)c3ccccc3)cnc21,0.0,0.47871873,2.496021
O=c1ccc2cnc3ccc(-c4cnc5ccccc5c4)cc3c2n1-c1ccc(N2CCOCC2)c(C(F)(F)F)c1,0.01,0.23140994,2.7939603
O=C(CCS(=O)(=O)c1ccccc1F)Nc1ccc(N2CCN(Cc3ccccc3)CC2)cc1,0.0,0.527705,2.091398
CC(C)Oc1ccc(CNC(=O)CN2C(=O)CCn3nc(-c4cn(C)c5ccccc45)cc32)cc1,0.0,0.4435648,2.6664722
Cc1cccc(C)c1OCC(O)Cn1ccnc1C,0.01,0.8965988,2.6748748
COc1ccc2c(=NN=Cc3cccnc3)cc(C)[nH]c2c1,0.0,0.5957385,2.7696745
O=C(NCc1ccncc1)C(=O)NN=Cc1ccc(OCc2ccccc2)cc1,0.0,0.36934978,2.0515852
COC(=O)CC1CCC2C(COc3ccc(NC(=O)Nc4cccc(Cl)c4)cc3C(=O)N2C)O1,0.02,0.63285244,3.4703825
CC(C)(CBr)NCC(O)Cn1ccnc1[N+](=O)[O-],0.0,0.44236588,3.562426
Cc1ccccc1CSc1nc2ccccc2n1CC(=O)O,0.0,0.729524,1.930286
C=CCOc1ccc(C(=O)Nc2cccc(Br)n2)cc1,0.0,0.67103624,2.035366
NC(=O)c1ccc2[nH]c(-c3ccc(OCCC4CCN(C(=O)c5ccccc5)CC4)cc3)nc2c1,0.01,0.41218024,2.2864459
O=C(NC1CNCC1OC(=O)c1cc(O)c(C(=O)Nc2ccccc2C(=O)O)c(O)c1)c1ccc(O)cc1,0.01,0.22484209,3.3712778
CCC(=O)N1CC(n2cc(-c3cc(C(=O)O)ccn3)nn2)C1,0.0,0.8972855,2.590804
O=C(O)CCNC(=O)c1ccnc(C(=O)NCCC2CCNCC2)c1,0.02,0.5398382,2.3174212
COc1cc2c(cc1O)C(=O)c1c-2n(CCCN)c(=O)c2cc([N+](=O)[O-])ccc12,0.0,0.39006227,2.659224
NNS(=O)(=O)c1cccc2cnccc12,0.0,0.5692847,2.3313243
Oc1ccc(-c2cc(-c3ccc(O)cc3)nc(-c3cccc(O)c3)c2)cc1,0.0,0.4721776,2.0672355
O=C(O)c1ncn2c1c(O)nc1ccccc12,0.0,0.6559378,2.526756
COc1cc(-c2csc3ccccc23)cc2c1OCCN(Cc1cccnc1)C2=O,0.01,0.46944222,2.5397503
CCN(CC)c1nc(N)c2c(N)nc(OC)cc2c1C#N,0.0,0.87519205,2.9201708
CCOc1ccccc1N1CCN(S(=O)(=O)c2ccc(Cl)s2)CC1,0.0,0.79056364,2.0725753
Cc1cc(C)cc(OC(=O)CCN2C(=O)c3ccccc3C2=O)c1,0.0,0.49292758,2.0089512
COc1ccc(Br)c(C(=O)NN=Cc2ccc([N+](=O)[O-])cc2)c1,0.0,0.4914669,2.0562496
COC(=O)Nc1cc2c(c(N)n1)N=C(c1ccccc1)C(C)N2,0.0,0.7912645,3.2141109
C1=C(c2ccnnc2)C2CCC(CC1)N2,0.02,0.75219715,4.6746225
Cc1ccc(S(=O)(=O)NC(=O)NC(C)Cc2ccccc2)cc1,0.0,0.88359064,2.274143
C=S(N)(=O)C(C)(C)c1cc(N2CCOCC2C)nc(-n2c(NC)nc3cc(F)ccc32)n1,0.01,0.55952847,3.981932
Cc1cc(Nc2ccc(F)c(Cl)c2)c2cc(NC(=O)Nc3ccc(N(CCCl)CCCl)cc3)ccc2n1,0.0,0.181397,2.6033812
COc1cccc2c1C(=O)c1c(cccc1OC)C2,0.03,0.70509994,2.0805206
O=c1ccoc2cc(O)ccc12,0.0,0.63812923,2.175591
Nc1nc2c(ncn2C2C=C(F)C(CO)C2)c(=O)[nH]1,0.02,0.71344,4.064123
Cc1cn(Cc2ccc(O)c(Cc3ccccc3)c2)c2ccc(OCC(=O)O)cc12,0.0,0.46844524,2.2345545
CC(=NNC(=O)c1ccncc1)c1cc(Cl)ccc1Cl,0.0,0.69625133,2.067257
CNC(=O)c1cc2c(Oc3ccc(C=CC(=O)NCCN4CCOCC4)cc3)cncc2s1,0.0,0.4961802,2.6689878
COCC(=O)N1CC2CCC3(N=C(c4ccccc4)NC3=O)C2C1,0.0,0.8932483,4.2122297
COc1ccc(C2C=C(c3ccccc3)N=c3sc(=Cc4ccc(-c5cccc(C(=O)O)c5)o4)c(=O)n32)cc1,0.0,0.33209023,3.148554
Cn1c(=O)oc2cc(S(=O)(=O)CCC(=O)N3CCN(c4ccccc4)CC3)ccc21,0.0,0.6123067,2.3384097
Cc1ccc(C(C)NC(=O)CSCC(N)=O)cc1,0.0,0.8170018,2.353135
CCN(CC)CC#CCN1C(=O)NC2(CCc3ccccc32)C1=O,0.01,0.67741406,3.6282208
CC(C)CC(C)CCN1C(=O)N(c2ccc(F)cc2)C(=O)CC1C1OC2OC(C)(C)OC2C1OCc1ccccc1,0.03,0.35597357,4.2950983
CCCOc1cccc(Oc2ccc(-c3ccc(C(C)NC(C)=O)cc3)cc2)c1,0.0,0.50387114,2.3522656
COC(=O)c1cc(OC)c(OC)cc1N=c1ssnc1Cl,0.0,0.6285365,2.961794
NS(=O)(=O)c1nn2c(=O)cc(Cl)nc2s1,0.0,0.69710267,2.98505
COc1ccc(C)cc1NC(=O)C(OC(=O)c1ccc([N+](=O)[O-])o1)c1ccccc1,0.0,0.35432777,2.682643
COC1CC2COC(C1O)C2NC1CC(CO)C(O)C(O)C1O,0.02,0.32524714,5.6363063
CC1(C)C(C(=O)N=C(N)N)C1c1cc(Cl)ccc1Cl,0.0,0.6502006,3.4622703
CCOC(=O)N1CCN(C(=O)c2cnc(Nc3ccccc3OC)c3ccccc23)CC1,0.0,0.6557332,2.1948833
CC(CO)Nc1cc(NS(=O)(=O)N2CCOCC2)nc(SCc2cccc(Cl)c2F)n1,0.0,0.36129448,3.290001
CC1Cc2ccccc2N1C(=O)Cc1nc(N2CCOCC2)sc1C(=O)O,0.07,0.86603224,2.9853334
C=C(C)Cc1c(C)c(C#N)c2nc3ccccc3n2c1NCCCN(C)C,0.0,0.50727475,2.7767568
CCC(CC)(c1ccc(OCC(O)C(C)(C)C)c(C)c1)c1ccc(OC(CO)C(O)CO)c(C)c1,0.01,0.35578045,3.8552306
CC(=O)N1c2ccccc2Oc2ccccc21,0.0,0.6865704,2.034695
